filename,path,class,extracted_class
image_0001.jpeg,tests/data/chestxray-dataset-1000/images/image_0001.jpeg,PNEUMONIA,PNEUMONIA
image_0002.jpeg,tests/data/chestxray-dataset-1000/images/image_0002.jpeg,PNEUMONIA,NORMAL
image_0003.jpeg,tests/data/chestxray-dataset-1000/images/image_0003.jpeg,PNEUMONIA,PNEUMONIA
image_0004.jpeg,tests/data/chestxray-dataset-1000/images/image_0004.jpeg,PNEUMONIA,PNEUMONIA
image_0005.jpeg,tests/data/chestxray-dataset-1000/images/image_0005.jpeg,PNEUMONIA,PNEUMONIA
image_0006.jpeg,tests/data/chestxray-dataset-1000/images/image_0006.jpeg,PNEUMONIA,PNEUMONIA
image_0007.jpeg,tests/data/chestxray-dataset-1000/images/image_0007.jpeg,PNEUMONIA,PNEUMONIA
image_0008.jpeg,tests/data/chestxray-dataset-1000/images/image_0008.jpeg,PNEUMONIA,PNEUMONIA
image_0009.jpeg,tests/data/chestxray-dataset-1000/images/image_0009.jpeg,PNEUMONIA,NORMAL
image_0010.jpeg,tests/data/chestxray-dataset-1000/images/image_0010.jpeg,PNEUMONIA,PNEUMONIA
image_0011.jpeg,tests/data/chestxray-dataset-1000/images/image_0011.jpeg,PNEUMONIA,PNEUMONIA
image_0012.jpeg,tests/data/chestxray-dataset-1000/images/image_0012.jpeg,PNEUMONIA,PNEUMONIA
image_0013.jpeg,tests/data/chestxray-dataset-1000/images/image_0013.jpeg,PNEUMONIA,PNEUMONIA
image_0014.jpeg,tests/data/chestxray-dataset-1000/images/image_0014.jpeg,PNEUMONIA,PNEUMONIA
image_0015.jpeg,tests/data/chestxray-dataset-1000/images/image_0015.jpeg,PNEUMONIA,PNEUMONIA
image_0016.jpeg,tests/data/chestxray-dataset-1000/images/image_0016.jpeg,PNEUMONIA,PNEUMONIA
image_0017.jpeg,tests/data/chestxray-dataset-1000/images/image_0017.jpeg,PNEUMONIA,NORMAL
image_0018.jpeg,tests/data/chestxray-dataset-1000/images/image_0018.jpeg,PNEUMONIA,NORMAL
image_0019.jpeg,tests/data/chestxray-dataset-1000/images/image_0019.jpeg,PNEUMONIA,PNEUMONIA
image_0020.jpeg,tests/data/chestxray-dataset-1000/images/image_0020.jpeg,PNEUMONIA,NORMAL
image_0021.jpeg,tests/data/chestxray-dataset-1000/images/image_0021.jpeg,PNEUMONIA,PNEUMONIA
image_0022.jpeg,tests/data/chestxray-dataset-1000/images/image_0022.jpeg,PNEUMONIA,PNEUMONIA
image_0023.jpeg,tests/data/chestxray-dataset-1000/images/image_0023.jpeg,PNEUMONIA,PNEUMONIA
image_0024.jpeg,tests/data/chestxray-dataset-1000/images/image_0024.jpeg,PNEUMONIA,PNEUMONIA
image_0025.jpeg,tests/data/chestxray-dataset-1000/images/image_0025.jpeg,PNEUMONIA,PNEUMONIA
image_0026.jpeg,tests/data/chestxray-dataset-1000/images/image_0026.jpeg,PNEUMONIA,NORMAL
image_0027.jpeg,tests/data/chestxray-dataset-1000/images/image_0027.jpeg,PNEUMONIA,PNEUMONIA
image_0028.jpeg,tests/data/chestxray-dataset-1000/images/image_0028.jpeg,PNEUMONIA,PNEUMONIA
image_0029.jpeg,tests/data/chestxray-dataset-1000/images/image_0029.jpeg,PNEUMONIA,NORMAL
image_0030.jpeg,tests/data/chestxray-dataset-1000/images/image_0030.jpeg,PNEUMONIA,PNEUMONIA
image_0031.jpeg,tests/data/chestxray-dataset-1000/images/image_0031.jpeg,PNEUMONIA,PNEUMONIA
image_0032.jpeg,tests/data/chestxray-dataset-1000/images/image_0032.jpeg,PNEUMONIA,PNEUMONIA
image_0033.jpeg,tests/data/chestxray-dataset-1000/images/image_0033.jpeg,PNEUMONIA,PNEUMONIA
image_0034.jpeg,tests/data/chestxray-dataset-1000/images/image_0034.jpeg,PNEUMONIA,PNEUMONIA
image_0035.jpeg,tests/data/chestxray-dataset-1000/images/image_0035.jpeg,PNEUMONIA,NORMAL
image_0036.jpeg,tests/data/chestxray-dataset-1000/images/image_0036.jpeg,PNEUMONIA,NORMAL
image_0037.jpeg,tests/data/chestxray-dataset-1000/images/image_0037.jpeg,PNEUMONIA,PNEUMONIA
image_0038.jpeg,tests/data/chestxray-dataset-1000/images/image_0038.jpeg,PNEUMONIA,PNEUMONIA
image_0039.jpeg,tests/data/chestxray-dataset-1000/images/image_0039.jpeg,PNEUMONIA,NORMAL
image_0040.jpeg,tests/data/chestxray-dataset-1000/images/image_0040.jpeg,PNEUMONIA,PNEUMONIA
image_0041.jpeg,tests/data/chestxray-dataset-1000/images/image_0041.jpeg,PNEUMONIA,NORMAL
image_0042.jpeg,tests/data/chestxray-dataset-1000/images/image_0042.jpeg,PNEUMONIA,NORMAL
image_0043.jpeg,tests/data/chestxray-dataset-1000/images/image_0043.jpeg,PNEUMONIA,NORMAL
image_0044.jpeg,tests/data/chestxray-dataset-1000/images/image_0044.jpeg,PNEUMONIA,PNEUMONIA
image_0045.jpeg,tests/data/chestxray-dataset-1000/images/image_0045.jpeg,PNEUMONIA,NORMAL
image_0046.jpeg,tests/data/chestxray-dataset-1000/images/image_0046.jpeg,PNEUMONIA,PNEUMONIA
image_0047.jpeg,tests/data/chestxray-dataset-1000/images/image_0047.jpeg,PNEUMONIA,PNEUMONIA
image_0048.jpeg,tests/data/chestxray-dataset-1000/images/image_0048.jpeg,PNEUMONIA,PNEUMONIA
image_0049.jpeg,tests/data/chestxray-dataset-1000/images/image_0049.jpeg,PNEUMONIA,PNEUMONIA
image_0050.jpeg,tests/data/chestxray-dataset-1000/images/image_0050.jpeg,PNEUMONIA,PNEUMONIA
image_0051.jpeg,tests/data/chestxray-dataset-1000/images/image_0051.jpeg,PNEUMONIA,PNEUMONIA
image_0052.jpeg,tests/data/chestxray-dataset-1000/images/image_0052.jpeg,PNEUMONIA,PNEUMONIA
image_0053.jpeg,tests/data/chestxray-dataset-1000/images/image_0053.jpeg,PNEUMONIA,PNEUMONIA
image_0054.jpeg,tests/data/chestxray-dataset-1000/images/image_0054.jpeg,PNEUMONIA,PNEUMONIA
image_0055.jpeg,tests/data/chestxray-dataset-1000/images/image_0055.jpeg,PNEUMONIA,PNEUMONIA
image_0056.jpeg,tests/data/chestxray-dataset-1000/images/image_0056.jpeg,PNEUMONIA,PNEUMONIA
image_0057.jpeg,tests/data/chestxray-dataset-1000/images/image_0057.jpeg,PNEUMONIA,PNEUMONIA
image_0058.jpeg,tests/data/chestxray-dataset-1000/images/image_0058.jpeg,PNEUMONIA,PNEUMONIA
image_0059.jpeg,tests/data/chestxray-dataset-1000/images/image_0059.jpeg,PNEUMONIA,PNEUMONIA
image_0060.jpeg,tests/data/chestxray-dataset-1000/images/image_0060.jpeg,PNEUMONIA,NORMAL
image_0061.jpeg,tests/data/chestxray-dataset-1000/images/image_0061.jpeg,PNEUMONIA,PNEUMONIA
image_0062.jpeg,tests/data/chestxray-dataset-1000/images/image_0062.jpeg,PNEUMONIA,PNEUMONIA
image_0063.jpeg,tests/data/chestxray-dataset-1000/images/image_0063.jpeg,PNEUMONIA,PNEUMONIA
image_0064.jpeg,tests/data/chestxray-dataset-1000/images/image_0064.jpeg,PNEUMONIA,PNEUMONIA
image_0065.jpeg,tests/data/chestxray-dataset-1000/images/image_0065.jpeg,PNEUMONIA,PNEUMONIA
image_0066.jpeg,tests/data/chestxray-dataset-1000/images/image_0066.jpeg,PNEUMONIA,PNEUMONIA
image_0067.jpeg,tests/data/chestxray-dataset-1000/images/image_0067.jpeg,PNEUMONIA,PNEUMONIA
image_0068.jpeg,tests/data/chestxray-dataset-1000/images/image_0068.jpeg,PNEUMONIA,PNEUMONIA
image_0069.jpeg,tests/data/chestxray-dataset-1000/images/image_0069.jpeg,PNEUMONIA,PNEUMONIA
image_0070.jpeg,tests/data/chestxray-dataset-1000/images/image_0070.jpeg,PNEUMONIA,PNEUMONIA
image_0071.jpeg,tests/data/chestxray-dataset-1000/images/image_0071.jpeg,PNEUMONIA,PNEUMONIA
image_0072.jpeg,tests/data/chestxray-dataset-1000/images/image_0072.jpeg,PNEUMONIA,PNEUMONIA
image_0073.jpeg,tests/data/chestxray-dataset-1000/images/image_0073.jpeg,PNEUMONIA,PNEUMONIA
image_0074.jpeg,tests/data/chestxray-dataset-1000/images/image_0074.jpeg,PNEUMONIA,PNEUMONIA
image_0075.jpeg,tests/data/chestxray-dataset-1000/images/image_0075.jpeg,PNEUMONIA,NORMAL
image_0076.jpeg,tests/data/chestxray-dataset-1000/images/image_0076.jpeg,PNEUMONIA,PNEUMONIA
image_0077.jpeg,tests/data/chestxray-dataset-1000/images/image_0077.jpeg,PNEUMONIA,PNEUMONIA
image_0078.jpeg,tests/data/chestxray-dataset-1000/images/image_0078.jpeg,PNEUMONIA,PNEUMONIA
image_0079.jpeg,tests/data/chestxray-dataset-1000/images/image_0079.jpeg,PNEUMONIA,PNEUMONIA
image_0080.jpeg,tests/data/chestxray-dataset-1000/images/image_0080.jpeg,PNEUMONIA,PNEUMONIA
image_0081.jpeg,tests/data/chestxray-dataset-1000/images/image_0081.jpeg,PNEUMONIA,PNEUMONIA
image_0082.jpeg,tests/data/chestxray-dataset-1000/images/image_0082.jpeg,PNEUMONIA,NORMAL
image_0083.jpeg,tests/data/chestxray-dataset-1000/images/image_0083.jpeg,PNEUMONIA,PNEUMONIA
image_0084.jpeg,tests/data/chestxray-dataset-1000/images/image_0084.jpeg,PNEUMONIA,PNEUMONIA
image_0085.jpeg,tests/data/chestxray-dataset-1000/images/image_0085.jpeg,PNEUMONIA,PNEUMONIA
image_0086.jpeg,tests/data/chestxray-dataset-1000/images/image_0086.jpeg,PNEUMONIA,PNEUMONIA
image_0087.jpeg,tests/data/chestxray-dataset-1000/images/image_0087.jpeg,PNEUMONIA,NORMAL
image_0088.jpeg,tests/data/chestxray-dataset-1000/images/image_0088.jpeg,PNEUMONIA,PNEUMONIA
image_0089.jpeg,tests/data/chestxray-dataset-1000/images/image_0089.jpeg,PNEUMONIA,PNEUMONIA
image_0090.jpeg,tests/data/chestxray-dataset-1000/images/image_0090.jpeg,PNEUMONIA,NORMAL
image_0091.jpeg,tests/data/chestxray-dataset-1000/images/image_0091.jpeg,PNEUMONIA,PNEUMONIA
image_0092.jpeg,tests/data/chestxray-dataset-1000/images/image_0092.jpeg,PNEUMONIA,PNEUMONIA
image_0093.jpeg,tests/data/chestxray-dataset-1000/images/image_0093.jpeg,PNEUMONIA,PNEUMONIA
image_0094.jpeg,tests/data/chestxray-dataset-1000/images/image_0094.jpeg,PNEUMONIA,PNEUMONIA
image_0095.jpeg,tests/data/chestxray-dataset-1000/images/image_0095.jpeg,PNEUMONIA,PNEUMONIA
image_0096.jpeg,tests/data/chestxray-dataset-1000/images/image_0096.jpeg,PNEUMONIA,PNEUMONIA
image_0097.jpeg,tests/data/chestxray-dataset-1000/images/image_0097.jpeg,PNEUMONIA,PNEUMONIA
image_0098.jpeg,tests/data/chestxray-dataset-1000/images/image_0098.jpeg,PNEUMONIA,PNEUMONIA
image_0099.jpeg,tests/data/chestxray-dataset-1000/images/image_0099.jpeg,PNEUMONIA,PNEUMONIA
image_0100.jpeg,tests/data/chestxray-dataset-1000/images/image_0100.jpeg,PNEUMONIA,PNEUMONIA
image_0101.jpeg,tests/data/chestxray-dataset-1000/images/image_0101.jpeg,PNEUMONIA,PNEUMONIA
image_0102.jpeg,tests/data/chestxray-dataset-1000/images/image_0102.jpeg,PNEUMONIA,PNEUMONIA
image_0103.jpeg,tests/data/chestxray-dataset-1000/images/image_0103.jpeg,PNEUMONIA,PNEUMONIA
image_0104.jpeg,tests/data/chestxray-dataset-1000/images/image_0104.jpeg,PNEUMONIA,PNEUMONIA
image_0105.jpeg,tests/data/chestxray-dataset-1000/images/image_0105.jpeg,PNEUMONIA,PNEUMONIA
image_0106.jpeg,tests/data/chestxray-dataset-1000/images/image_0106.jpeg,PNEUMONIA,PNEUMONIA
image_0107.jpeg,tests/data/chestxray-dataset-1000/images/image_0107.jpeg,PNEUMONIA,PNEUMONIA
image_0108.jpeg,tests/data/chestxray-dataset-1000/images/image_0108.jpeg,PNEUMONIA,NORMAL
image_0109.jpeg,tests/data/chestxray-dataset-1000/images/image_0109.jpeg,PNEUMONIA,PNEUMONIA
image_0110.jpeg,tests/data/chestxray-dataset-1000/images/image_0110.jpeg,PNEUMONIA,PNEUMONIA
image_0111.jpeg,tests/data/chestxray-dataset-1000/images/image_0111.jpeg,PNEUMONIA,PNEUMONIA
image_0112.jpeg,tests/data/chestxray-dataset-1000/images/image_0112.jpeg,PNEUMONIA,PNEUMONIA
image_0113.jpeg,tests/data/chestxray-dataset-1000/images/image_0113.jpeg,PNEUMONIA,NORMAL
image_0114.jpeg,tests/data/chestxray-dataset-1000/images/image_0114.jpeg,PNEUMONIA,PNEUMONIA
image_0115.jpeg,tests/data/chestxray-dataset-1000/images/image_0115.jpeg,PNEUMONIA,PNEUMONIA
image_0116.jpeg,tests/data/chestxray-dataset-1000/images/image_0116.jpeg,PNEUMONIA,NORMAL
image_0117.jpeg,tests/data/chestxray-dataset-1000/images/image_0117.jpeg,PNEUMONIA,NORMAL
image_0118.jpeg,tests/data/chestxray-dataset-1000/images/image_0118.jpeg,PNEUMONIA,PNEUMONIA
image_0119.jpeg,tests/data/chestxray-dataset-1000/images/image_0119.jpeg,PNEUMONIA,PNEUMONIA
image_0120.jpeg,tests/data/chestxray-dataset-1000/images/image_0120.jpeg,PNEUMONIA,PNEUMONIA
image_0121.jpeg,tests/data/chestxray-dataset-1000/images/image_0121.jpeg,PNEUMONIA,PNEUMONIA
image_0122.jpeg,tests/data/chestxray-dataset-1000/images/image_0122.jpeg,PNEUMONIA,PNEUMONIA
image_0123.jpeg,tests/data/chestxray-dataset-1000/images/image_0123.jpeg,PNEUMONIA,NORMAL
image_0124.jpeg,tests/data/chestxray-dataset-1000/images/image_0124.jpeg,PNEUMONIA,NORMAL
image_0125.jpeg,tests/data/chestxray-dataset-1000/images/image_0125.jpeg,PNEUMONIA,NORMAL
image_0126.jpeg,tests/data/chestxray-dataset-1000/images/image_0126.jpeg,PNEUMONIA,NORMAL
image_0127.jpeg,tests/data/chestxray-dataset-1000/images/image_0127.jpeg,PNEUMONIA,NORMAL
image_0128.jpeg,tests/data/chestxray-dataset-1000/images/image_0128.jpeg,PNEUMONIA,PNEUMONIA
image_0129.jpeg,tests/data/chestxray-dataset-1000/images/image_0129.jpeg,PNEUMONIA,PNEUMONIA
image_0130.jpeg,tests/data/chestxray-dataset-1000/images/image_0130.jpeg,PNEUMONIA,PNEUMONIA
image_0131.jpeg,tests/data/chestxray-dataset-1000/images/image_0131.jpeg,PNEUMONIA,NORMAL
image_0132.jpeg,tests/data/chestxray-dataset-1000/images/image_0132.jpeg,PNEUMONIA,NORMAL
image_0133.jpeg,tests/data/chestxray-dataset-1000/images/image_0133.jpeg,PNEUMONIA,NORMAL
image_0134.jpeg,tests/data/chestxray-dataset-1000/images/image_0134.jpeg,PNEUMONIA,PNEUMONIA
image_0135.jpeg,tests/data/chestxray-dataset-1000/images/image_0135.jpeg,PNEUMONIA,NORMAL
image_0136.jpeg,tests/data/chestxray-dataset-1000/images/image_0136.jpeg,PNEUMONIA,PNEUMONIA
image_0137.jpeg,tests/data/chestxray-dataset-1000/images/image_0137.jpeg,PNEUMONIA,PNEUMONIA
image_0138.jpeg,tests/data/chestxray-dataset-1000/images/image_0138.jpeg,PNEUMONIA,NORMAL
image_0139.jpeg,tests/data/chestxray-dataset-1000/images/image_0139.jpeg,PNEUMONIA,PNEUMONIA
image_0140.jpeg,tests/data/chestxray-dataset-1000/images/image_0140.jpeg,PNEUMONIA,NORMAL
image_0141.jpeg,tests/data/chestxray-dataset-1000/images/image_0141.jpeg,PNEUMONIA,NORMAL
image_0142.jpeg,tests/data/chestxray-dataset-1000/images/image_0142.jpeg,PNEUMONIA,PNEUMONIA
image_0143.jpeg,tests/data/chestxray-dataset-1000/images/image_0143.jpeg,PNEUMONIA,NORMAL
image_0144.jpeg,tests/data/chestxray-dataset-1000/images/image_0144.jpeg,PNEUMONIA,PNEUMONIA
image_0145.jpeg,tests/data/chestxray-dataset-1000/images/image_0145.jpeg,PNEUMONIA,PNEUMONIA
image_0146.jpeg,tests/data/chestxray-dataset-1000/images/image_0146.jpeg,PNEUMONIA,PNEUMONIA
image_0147.jpeg,tests/data/chestxray-dataset-1000/images/image_0147.jpeg,PNEUMONIA,PNEUMONIA
image_0148.jpeg,tests/data/chestxray-dataset-1000/images/image_0148.jpeg,PNEUMONIA,PNEUMONIA
image_0149.jpeg,tests/data/chestxray-dataset-1000/images/image_0149.jpeg,PNEUMONIA,PNEUMONIA
image_0150.jpeg,tests/data/chestxray-dataset-1000/images/image_0150.jpeg,PNEUMONIA,PNEUMONIA
image_0151.jpeg,tests/data/chestxray-dataset-1000/images/image_0151.jpeg,PNEUMONIA,PNEUMONIA
image_0152.jpeg,tests/data/chestxray-dataset-1000/images/image_0152.jpeg,PNEUMONIA,NORMAL
image_0153.jpeg,tests/data/chestxray-dataset-1000/images/image_0153.jpeg,PNEUMONIA,PNEUMONIA
image_0154.jpeg,tests/data/chestxray-dataset-1000/images/image_0154.jpeg,PNEUMONIA,PNEUMONIA
image_0155.jpeg,tests/data/chestxray-dataset-1000/images/image_0155.jpeg,PNEUMONIA,PNEUMONIA
image_0156.jpeg,tests/data/chestxray-dataset-1000/images/image_0156.jpeg,PNEUMONIA,PNEUMONIA
image_0157.jpeg,tests/data/chestxray-dataset-1000/images/image_0157.jpeg,PNEUMONIA,PNEUMONIA
image_0158.jpeg,tests/data/chestxray-dataset-1000/images/image_0158.jpeg,PNEUMONIA,PNEUMONIA
image_0159.jpeg,tests/data/chestxray-dataset-1000/images/image_0159.jpeg,PNEUMONIA,PNEUMONIA
image_0160.jpeg,tests/data/chestxray-dataset-1000/images/image_0160.jpeg,PNEUMONIA,PNEUMONIA
image_0161.jpeg,tests/data/chestxray-dataset-1000/images/image_0161.jpeg,PNEUMONIA,NORMAL
image_0162.jpeg,tests/data/chestxray-dataset-1000/images/image_0162.jpeg,PNEUMONIA,PNEUMONIA
image_0163.jpeg,tests/data/chestxray-dataset-1000/images/image_0163.jpeg,PNEUMONIA,PNEUMONIA
image_0164.jpeg,tests/data/chestxray-dataset-1000/images/image_0164.jpeg,PNEUMONIA,NORMAL
image_0165.jpeg,tests/data/chestxray-dataset-1000/images/image_0165.jpeg,PNEUMONIA,PNEUMONIA
image_0166.jpeg,tests/data/chestxray-dataset-1000/images/image_0166.jpeg,PNEUMONIA,PNEUMONIA
image_0167.jpeg,tests/data/chestxray-dataset-1000/images/image_0167.jpeg,PNEUMONIA,PNEUMONIA
image_0168.jpeg,tests/data/chestxray-dataset-1000/images/image_0168.jpeg,PNEUMONIA,PNEUMONIA
image_0169.jpeg,tests/data/chestxray-dataset-1000/images/image_0169.jpeg,PNEUMONIA,PNEUMONIA
image_0170.jpeg,tests/data/chestxray-dataset-1000/images/image_0170.jpeg,PNEUMONIA,PNEUMONIA
image_0171.jpeg,tests/data/chestxray-dataset-1000/images/image_0171.jpeg,PNEUMONIA,PNEUMONIA
image_0172.jpeg,tests/data/chestxray-dataset-1000/images/image_0172.jpeg,PNEUMONIA,PNEUMONIA
image_0173.jpeg,tests/data/chestxray-dataset-1000/images/image_0173.jpeg,PNEUMONIA,PNEUMONIA
image_0174.jpeg,tests/data/chestxray-dataset-1000/images/image_0174.jpeg,PNEUMONIA,PNEUMONIA
image_0175.jpeg,tests/data/chestxray-dataset-1000/images/image_0175.jpeg,PNEUMONIA,PNEUMONIA
image_0176.jpeg,tests/data/chestxray-dataset-1000/images/image_0176.jpeg,PNEUMONIA,PNEUMONIA
image_0177.jpeg,tests/data/chestxray-dataset-1000/images/image_0177.jpeg,PNEUMONIA,NORMAL
image_0178.jpeg,tests/data/chestxray-dataset-1000/images/image_0178.jpeg,PNEUMONIA,PNEUMONIA
image_0179.jpeg,tests/data/chestxray-dataset-1000/images/image_0179.jpeg,PNEUMONIA,PNEUMONIA
image_0180.jpeg,tests/data/chestxray-dataset-1000/images/image_0180.jpeg,PNEUMONIA,PNEUMONIA
image_0181.jpeg,tests/data/chestxray-dataset-1000/images/image_0181.jpeg,PNEUMONIA,PNEUMONIA
image_0182.jpeg,tests/data/chestxray-dataset-1000/images/image_0182.jpeg,PNEUMONIA,PNEUMONIA
image_0183.jpeg,tests/data/chestxray-dataset-1000/images/image_0183.jpeg,PNEUMONIA,PNEUMONIA
image_0184.jpeg,tests/data/chestxray-dataset-1000/images/image_0184.jpeg,PNEUMONIA,PNEUMONIA
image_0185.jpeg,tests/data/chestxray-dataset-1000/images/image_0185.jpeg,PNEUMONIA,PNEUMONIA
image_0186.jpeg,tests/data/chestxray-dataset-1000/images/image_0186.jpeg,PNEUMONIA,NORMAL
image_0187.jpeg,tests/data/chestxray-dataset-1000/images/image_0187.jpeg,PNEUMONIA,PNEUMONIA
image_0188.jpeg,tests/data/chestxray-dataset-1000/images/image_0188.jpeg,PNEUMONIA,PNEUMONIA
image_0189.jpeg,tests/data/chestxray-dataset-1000/images/image_0189.jpeg,PNEUMONIA,PNEUMONIA
image_0190.jpeg,tests/data/chestxray-dataset-1000/images/image_0190.jpeg,PNEUMONIA,PNEUMONIA
image_0191.jpeg,tests/data/chestxray-dataset-1000/images/image_0191.jpeg,PNEUMONIA,PNEUMONIA
image_0192.jpeg,tests/data/chestxray-dataset-1000/images/image_0192.jpeg,PNEUMONIA,PNEUMONIA
image_0193.jpeg,tests/data/chestxray-dataset-1000/images/image_0193.jpeg,PNEUMONIA,PNEUMONIA
image_0194.jpeg,tests/data/chestxray-dataset-1000/images/image_0194.jpeg,PNEUMONIA,PNEUMONIA
image_0195.jpeg,tests/data/chestxray-dataset-1000/images/image_0195.jpeg,PNEUMONIA,PNEUMONIA
image_0196.jpeg,tests/data/chestxray-dataset-1000/images/image_0196.jpeg,PNEUMONIA,PNEUMONIA
image_0197.jpeg,tests/data/chestxray-dataset-1000/images/image_0197.jpeg,PNEUMONIA,PNEUMONIA
image_0198.jpeg,tests/data/chestxray-dataset-1000/images/image_0198.jpeg,PNEUMONIA,PNEUMONIA
image_0199.jpeg,tests/data/chestxray-dataset-1000/images/image_0199.jpeg,PNEUMONIA,NORMAL
image_0200.jpeg,tests/data/chestxray-dataset-1000/images/image_0200.jpeg,PNEUMONIA,PNEUMONIA
image_0201.jpeg,tests/data/chestxray-dataset-1000/images/image_0201.jpeg,PNEUMONIA,PNEUMONIA
image_0202.jpeg,tests/data/chestxray-dataset-1000/images/image_0202.jpeg,PNEUMONIA,PNEUMONIA
image_0203.jpeg,tests/data/chestxray-dataset-1000/images/image_0203.jpeg,PNEUMONIA,NORMAL
image_0204.jpeg,tests/data/chestxray-dataset-1000/images/image_0204.jpeg,PNEUMONIA,PNEUMONIA
image_0205.jpeg,tests/data/chestxray-dataset-1000/images/image_0205.jpeg,PNEUMONIA,PNEUMONIA
image_0206.jpeg,tests/data/chestxray-dataset-1000/images/image_0206.jpeg,PNEUMONIA,PNEUMONIA
image_0207.jpeg,tests/data/chestxray-dataset-1000/images/image_0207.jpeg,PNEUMONIA,PNEUMONIA
image_0208.jpeg,tests/data/chestxray-dataset-1000/images/image_0208.jpeg,PNEUMONIA,NORMAL
image_0209.jpeg,tests/data/chestxray-dataset-1000/images/image_0209.jpeg,PNEUMONIA,PNEUMONIA
image_0210.jpeg,tests/data/chestxray-dataset-1000/images/image_0210.jpeg,PNEUMONIA,PNEUMONIA
image_0211.jpeg,tests/data/chestxray-dataset-1000/images/image_0211.jpeg,PNEUMONIA,PNEUMONIA
image_0212.jpeg,tests/data/chestxray-dataset-1000/images/image_0212.jpeg,PNEUMONIA,PNEUMONIA
image_0213.jpeg,tests/data/chestxray-dataset-1000/images/image_0213.jpeg,PNEUMONIA,PNEUMONIA
image_0214.jpeg,tests/data/chestxray-dataset-1000/images/image_0214.jpeg,PNEUMONIA,PNEUMONIA
image_0215.jpeg,tests/data/chestxray-dataset-1000/images/image_0215.jpeg,PNEUMONIA,PNEUMONIA
image_0216.jpeg,tests/data/chestxray-dataset-1000/images/image_0216.jpeg,PNEUMONIA,PNEUMONIA
image_0217.jpeg,tests/data/chestxray-dataset-1000/images/image_0217.jpeg,PNEUMONIA,NORMAL
image_0218.jpeg,tests/data/chestxray-dataset-1000/images/image_0218.jpeg,PNEUMONIA,PNEUMONIA
image_0219.jpeg,tests/data/chestxray-dataset-1000/images/image_0219.jpeg,PNEUMONIA,PNEUMONIA
image_0220.jpeg,tests/data/chestxray-dataset-1000/images/image_0220.jpeg,PNEUMONIA,PNEUMONIA
image_0221.jpeg,tests/data/chestxray-dataset-1000/images/image_0221.jpeg,PNEUMONIA,PNEUMONIA
image_0222.jpeg,tests/data/chestxray-dataset-1000/images/image_0222.jpeg,PNEUMONIA,PNEUMONIA
image_0223.jpeg,tests/data/chestxray-dataset-1000/images/image_0223.jpeg,PNEUMONIA,PNEUMONIA
image_0224.jpeg,tests/data/chestxray-dataset-1000/images/image_0224.jpeg,PNEUMONIA,PNEUMONIA
image_0225.jpeg,tests/data/chestxray-dataset-1000/images/image_0225.jpeg,PNEUMONIA,PNEUMONIA
image_0226.jpeg,tests/data/chestxray-dataset-1000/images/image_0226.jpeg,PNEUMONIA,NORMAL
image_0227.jpeg,tests/data/chestxray-dataset-1000/images/image_0227.jpeg,PNEUMONIA,PNEUMONIA
image_0228.jpeg,tests/data/chestxray-dataset-1000/images/image_0228.jpeg,PNEUMONIA,PNEUMONIA
image_0229.jpeg,tests/data/chestxray-dataset-1000/images/image_0229.jpeg,PNEUMONIA,PNEUMONIA
image_0230.jpeg,tests/data/chestxray-dataset-1000/images/image_0230.jpeg,PNEUMONIA,NORMAL
image_0231.jpeg,tests/data/chestxray-dataset-1000/images/image_0231.jpeg,PNEUMONIA,PNEUMONIA
image_0232.jpeg,tests/data/chestxray-dataset-1000/images/image_0232.jpeg,PNEUMONIA,PNEUMONIA
image_0233.jpeg,tests/data/chestxray-dataset-1000/images/image_0233.jpeg,PNEUMONIA,NORMAL
image_0234.jpeg,tests/data/chestxray-dataset-1000/images/image_0234.jpeg,PNEUMONIA,PNEUMONIA
image_0235.jpeg,tests/data/chestxray-dataset-1000/images/image_0235.jpeg,PNEUMONIA,PNEUMONIA
image_0236.jpeg,tests/data/chestxray-dataset-1000/images/image_0236.jpeg,PNEUMONIA,NORMAL
image_0237.jpeg,tests/data/chestxray-dataset-1000/images/image_0237.jpeg,PNEUMONIA,PNEUMONIA
image_0238.jpeg,tests/data/chestxray-dataset-1000/images/image_0238.jpeg,PNEUMONIA,NORMAL
image_0239.jpeg,tests/data/chestxray-dataset-1000/images/image_0239.jpeg,PNEUMONIA,PNEUMONIA
image_0240.jpeg,tests/data/chestxray-dataset-1000/images/image_0240.jpeg,PNEUMONIA,PNEUMONIA
image_0241.jpeg,tests/data/chestxray-dataset-1000/images/image_0241.jpeg,PNEUMONIA,PNEUMONIA
image_0242.jpeg,tests/data/chestxray-dataset-1000/images/image_0242.jpeg,PNEUMONIA,PNEUMONIA
image_0243.jpeg,tests/data/chestxray-dataset-1000/images/image_0243.jpeg,PNEUMONIA,PNEUMONIA
image_0244.jpeg,tests/data/chestxray-dataset-1000/images/image_0244.jpeg,PNEUMONIA,PNEUMONIA
image_0245.jpeg,tests/data/chestxray-dataset-1000/images/image_0245.jpeg,PNEUMONIA,PNEUMONIA
image_0246.jpeg,tests/data/chestxray-dataset-1000/images/image_0246.jpeg,PNEUMONIA,PNEUMONIA
image_0247.jpeg,tests/data/chestxray-dataset-1000/images/image_0247.jpeg,PNEUMONIA,PNEUMONIA
image_0248.jpeg,tests/data/chestxray-dataset-1000/images/image_0248.jpeg,PNEUMONIA,PNEUMONIA
image_0249.jpeg,tests/data/chestxray-dataset-1000/images/image_0249.jpeg,PNEUMONIA,PNEUMONIA
image_0250.jpeg,tests/data/chestxray-dataset-1000/images/image_0250.jpeg,PNEUMONIA,NORMAL
image_0251.jpeg,tests/data/chestxray-dataset-1000/images/image_0251.jpeg,PNEUMONIA,PNEUMONIA
image_0252.jpeg,tests/data/chestxray-dataset-1000/images/image_0252.jpeg,PNEUMONIA,PNEUMONIA
image_0253.jpeg,tests/data/chestxray-dataset-1000/images/image_0253.jpeg,PNEUMONIA,PNEUMONIA
image_0254.jpeg,tests/data/chestxray-dataset-1000/images/image_0254.jpeg,PNEUMONIA,PNEUMONIA
image_0255.jpeg,tests/data/chestxray-dataset-1000/images/image_0255.jpeg,PNEUMONIA,PNEUMONIA
image_0256.jpeg,tests/data/chestxray-dataset-1000/images/image_0256.jpeg,PNEUMONIA,PNEUMONIA
image_0257.jpeg,tests/data/chestxray-dataset-1000/images/image_0257.jpeg,PNEUMONIA,PNEUMONIA
image_0258.jpeg,tests/data/chestxray-dataset-1000/images/image_0258.jpeg,PNEUMONIA,PNEUMONIA
image_0259.jpeg,tests/data/chestxray-dataset-1000/images/image_0259.jpeg,PNEUMONIA,PNEUMONIA
image_0260.jpeg,tests/data/chestxray-dataset-1000/images/image_0260.jpeg,PNEUMONIA,PNEUMONIA
image_0261.jpeg,tests/data/chestxray-dataset-1000/images/image_0261.jpeg,PNEUMONIA,PNEUMONIA
image_0262.jpeg,tests/data/chestxray-dataset-1000/images/image_0262.jpeg,PNEUMONIA,PNEUMONIA
image_0263.jpeg,tests/data/chestxray-dataset-1000/images/image_0263.jpeg,PNEUMONIA,PNEUMONIA
image_0264.jpeg,tests/data/chestxray-dataset-1000/images/image_0264.jpeg,PNEUMONIA,PNEUMONIA
image_0265.jpeg,tests/data/chestxray-dataset-1000/images/image_0265.jpeg,PNEUMONIA,PNEUMONIA
image_0266.jpeg,tests/data/chestxray-dataset-1000/images/image_0266.jpeg,PNEUMONIA,PNEUMONIA
image_0267.jpeg,tests/data/chestxray-dataset-1000/images/image_0267.jpeg,PNEUMONIA,PNEUMONIA
image_0268.jpeg,tests/data/chestxray-dataset-1000/images/image_0268.jpeg,PNEUMONIA,PNEUMONIA
image_0269.jpeg,tests/data/chestxray-dataset-1000/images/image_0269.jpeg,PNEUMONIA,PNEUMONIA
image_0270.jpeg,tests/data/chestxray-dataset-1000/images/image_0270.jpeg,PNEUMONIA,NORMAL
image_0271.jpeg,tests/data/chestxray-dataset-1000/images/image_0271.jpeg,PNEUMONIA,PNEUMONIA
image_0272.jpeg,tests/data/chestxray-dataset-1000/images/image_0272.jpeg,PNEUMONIA,PNEUMONIA
image_0273.jpeg,tests/data/chestxray-dataset-1000/images/image_0273.jpeg,PNEUMONIA,PNEUMONIA
image_0274.jpeg,tests/data/chestxray-dataset-1000/images/image_0274.jpeg,PNEUMONIA,PNEUMONIA
image_0275.jpeg,tests/data/chestxray-dataset-1000/images/image_0275.jpeg,PNEUMONIA,PNEUMONIA
image_0276.jpeg,tests/data/chestxray-dataset-1000/images/image_0276.jpeg,PNEUMONIA,PNEUMONIA
image_0277.jpeg,tests/data/chestxray-dataset-1000/images/image_0277.jpeg,PNEUMONIA,PNEUMONIA
image_0278.jpeg,tests/data/chestxray-dataset-1000/images/image_0278.jpeg,PNEUMONIA,PNEUMONIA
image_0279.jpeg,tests/data/chestxray-dataset-1000/images/image_0279.jpeg,PNEUMONIA,PNEUMONIA
image_0280.jpeg,tests/data/chestxray-dataset-1000/images/image_0280.jpeg,PNEUMONIA,PNEUMONIA
image_0281.jpeg,tests/data/chestxray-dataset-1000/images/image_0281.jpeg,PNEUMONIA,PNEUMONIA
image_0282.jpeg,tests/data/chestxray-dataset-1000/images/image_0282.jpeg,PNEUMONIA,PNEUMONIA
image_0283.jpeg,tests/data/chestxray-dataset-1000/images/image_0283.jpeg,PNEUMONIA,PNEUMONIA
image_0284.jpeg,tests/data/chestxray-dataset-1000/images/image_0284.jpeg,PNEUMONIA,PNEUMONIA
image_0285.jpeg,tests/data/chestxray-dataset-1000/images/image_0285.jpeg,PNEUMONIA,PNEUMONIA
image_0286.jpeg,tests/data/chestxray-dataset-1000/images/image_0286.jpeg,PNEUMONIA,PNEUMONIA
image_0287.jpeg,tests/data/chestxray-dataset-1000/images/image_0287.jpeg,PNEUMONIA,PNEUMONIA
image_0288.jpeg,tests/data/chestxray-dataset-1000/images/image_0288.jpeg,PNEUMONIA,PNEUMONIA
image_0289.jpeg,tests/data/chestxray-dataset-1000/images/image_0289.jpeg,PNEUMONIA,PNEUMONIA
image_0290.jpeg,tests/data/chestxray-dataset-1000/images/image_0290.jpeg,PNEUMONIA,PNEUMONIA
image_0291.jpeg,tests/data/chestxray-dataset-1000/images/image_0291.jpeg,PNEUMONIA,PNEUMONIA
image_0292.jpeg,tests/data/chestxray-dataset-1000/images/image_0292.jpeg,PNEUMONIA,PNEUMONIA
image_0293.jpeg,tests/data/chestxray-dataset-1000/images/image_0293.jpeg,PNEUMONIA,NORMAL
image_0294.jpeg,tests/data/chestxray-dataset-1000/images/image_0294.jpeg,PNEUMONIA,NORMAL
image_0295.jpeg,tests/data/chestxray-dataset-1000/images/image_0295.jpeg,PNEUMONIA,PNEUMONIA
image_0296.jpeg,tests/data/chestxray-dataset-1000/images/image_0296.jpeg,PNEUMONIA,PNEUMONIA
image_0297.jpeg,tests/data/chestxray-dataset-1000/images/image_0297.jpeg,PNEUMONIA,PNEUMONIA
image_0298.jpeg,tests/data/chestxray-dataset-1000/images/image_0298.jpeg,PNEUMONIA,PNEUMONIA
image_0299.jpeg,tests/data/chestxray-dataset-1000/images/image_0299.jpeg,PNEUMONIA,PNEUMONIA
image_0300.jpeg,tests/data/chestxray-dataset-1000/images/image_0300.jpeg,PNEUMONIA,NORMAL
image_0301.jpeg,tests/data/chestxray-dataset-1000/images/image_0301.jpeg,PNEUMONIA,PNEUMONIA
image_0302.jpeg,tests/data/chestxray-dataset-1000/images/image_0302.jpeg,PNEUMONIA,PNEUMONIA
image_0303.jpeg,tests/data/chestxray-dataset-1000/images/image_0303.jpeg,PNEUMONIA,PNEUMONIA
image_0304.jpeg,tests/data/chestxray-dataset-1000/images/image_0304.jpeg,PNEUMONIA,NORMAL
image_0305.jpeg,tests/data/chestxray-dataset-1000/images/image_0305.jpeg,PNEUMONIA,PNEUMONIA
image_0306.jpeg,tests/data/chestxray-dataset-1000/images/image_0306.jpeg,PNEUMONIA,PNEUMONIA
image_0307.jpeg,tests/data/chestxray-dataset-1000/images/image_0307.jpeg,PNEUMONIA,PNEUMONIA
image_0308.jpeg,tests/data/chestxray-dataset-1000/images/image_0308.jpeg,PNEUMONIA,NORMAL
image_0309.jpeg,tests/data/chestxray-dataset-1000/images/image_0309.jpeg,PNEUMONIA,PNEUMONIA
image_0310.jpeg,tests/data/chestxray-dataset-1000/images/image_0310.jpeg,PNEUMONIA,NORMAL
image_0311.jpeg,tests/data/chestxray-dataset-1000/images/image_0311.jpeg,PNEUMONIA,NORMAL
image_0312.jpeg,tests/data/chestxray-dataset-1000/images/image_0312.jpeg,PNEUMONIA,PNEUMONIA
image_0313.jpeg,tests/data/chestxray-dataset-1000/images/image_0313.jpeg,PNEUMONIA,PNEUMONIA
image_0314.jpeg,tests/data/chestxray-dataset-1000/images/image_0314.jpeg,PNEUMONIA,PNEUMONIA
image_0315.jpeg,tests/data/chestxray-dataset-1000/images/image_0315.jpeg,PNEUMONIA,PNEUMONIA
image_0316.jpeg,tests/data/chestxray-dataset-1000/images/image_0316.jpeg,PNEUMONIA,PNEUMONIA
image_0317.jpeg,tests/data/chestxray-dataset-1000/images/image_0317.jpeg,PNEUMONIA,PNEUMONIA
image_0318.jpeg,tests/data/chestxray-dataset-1000/images/image_0318.jpeg,PNEUMONIA,NORMAL
image_0319.jpeg,tests/data/chestxray-dataset-1000/images/image_0319.jpeg,PNEUMONIA,NORMAL
image_0320.jpeg,tests/data/chestxray-dataset-1000/images/image_0320.jpeg,PNEUMONIA,NORMAL
image_0321.jpeg,tests/data/chestxray-dataset-1000/images/image_0321.jpeg,PNEUMONIA,PNEUMONIA
image_0322.jpeg,tests/data/chestxray-dataset-1000/images/image_0322.jpeg,PNEUMONIA,PNEUMONIA
image_0323.jpeg,tests/data/chestxray-dataset-1000/images/image_0323.jpeg,PNEUMONIA,PNEUMONIA
image_0324.jpeg,tests/data/chestxray-dataset-1000/images/image_0324.jpeg,PNEUMONIA,PNEUMONIA
image_0325.jpeg,tests/data/chestxray-dataset-1000/images/image_0325.jpeg,PNEUMONIA,PNEUMONIA
image_0326.jpeg,tests/data/chestxray-dataset-1000/images/image_0326.jpeg,PNEUMONIA,PNEUMONIA
image_0327.jpeg,tests/data/chestxray-dataset-1000/images/image_0327.jpeg,PNEUMONIA,PNEUMONIA
image_0328.jpeg,tests/data/chestxray-dataset-1000/images/image_0328.jpeg,PNEUMONIA,PNEUMONIA
image_0329.jpeg,tests/data/chestxray-dataset-1000/images/image_0329.jpeg,PNEUMONIA,NORMAL
image_0330.jpeg,tests/data/chestxray-dataset-1000/images/image_0330.jpeg,PNEUMONIA,PNEUMONIA
image_0331.jpeg,tests/data/chestxray-dataset-1000/images/image_0331.jpeg,PNEUMONIA,PNEUMONIA
image_0332.jpeg,tests/data/chestxray-dataset-1000/images/image_0332.jpeg,PNEUMONIA,PNEUMONIA
image_0333.jpeg,tests/data/chestxray-dataset-1000/images/image_0333.jpeg,PNEUMONIA,PNEUMONIA
image_0334.jpeg,tests/data/chestxray-dataset-1000/images/image_0334.jpeg,PNEUMONIA,PNEUMONIA
image_0335.jpeg,tests/data/chestxray-dataset-1000/images/image_0335.jpeg,PNEUMONIA,NORMAL
image_0336.jpeg,tests/data/chestxray-dataset-1000/images/image_0336.jpeg,PNEUMONIA,PNEUMONIA
image_0337.jpeg,tests/data/chestxray-dataset-1000/images/image_0337.jpeg,PNEUMONIA,NORMAL
image_0338.jpeg,tests/data/chestxray-dataset-1000/images/image_0338.jpeg,PNEUMONIA,NORMAL
image_0339.jpeg,tests/data/chestxray-dataset-1000/images/image_0339.jpeg,PNEUMONIA,PNEUMONIA
image_0340.jpeg,tests/data/chestxray-dataset-1000/images/image_0340.jpeg,PNEUMONIA,PNEUMONIA
image_0341.jpeg,tests/data/chestxray-dataset-1000/images/image_0341.jpeg,PNEUMONIA,PNEUMONIA
image_0342.jpeg,tests/data/chestxray-dataset-1000/images/image_0342.jpeg,PNEUMONIA,PNEUMONIA
image_0343.jpeg,tests/data/chestxray-dataset-1000/images/image_0343.jpeg,PNEUMONIA,NORMAL
image_0344.jpeg,tests/data/chestxray-dataset-1000/images/image_0344.jpeg,PNEUMONIA,PNEUMONIA
image_0345.jpeg,tests/data/chestxray-dataset-1000/images/image_0345.jpeg,PNEUMONIA,PNEUMONIA
image_0346.jpeg,tests/data/chestxray-dataset-1000/images/image_0346.jpeg,PNEUMONIA,NORMAL
image_0347.jpeg,tests/data/chestxray-dataset-1000/images/image_0347.jpeg,PNEUMONIA,PNEUMONIA
image_0348.jpeg,tests/data/chestxray-dataset-1000/images/image_0348.jpeg,PNEUMONIA,PNEUMONIA
image_0349.jpeg,tests/data/chestxray-dataset-1000/images/image_0349.jpeg,PNEUMONIA,PNEUMONIA
image_0350.jpeg,tests/data/chestxray-dataset-1000/images/image_0350.jpeg,PNEUMONIA,PNEUMONIA
image_0351.jpeg,tests/data/chestxray-dataset-1000/images/image_0351.jpeg,PNEUMONIA,NORMAL
image_0352.jpeg,tests/data/chestxray-dataset-1000/images/image_0352.jpeg,PNEUMONIA,NORMAL
image_0353.jpeg,tests/data/chestxray-dataset-1000/images/image_0353.jpeg,PNEUMONIA,NORMAL
image_0354.jpeg,tests/data/chestxray-dataset-1000/images/image_0354.jpeg,PNEUMONIA,PNEUMONIA
image_0355.jpeg,tests/data/chestxray-dataset-1000/images/image_0355.jpeg,PNEUMONIA,PNEUMONIA
image_0356.jpeg,tests/data/chestxray-dataset-1000/images/image_0356.jpeg,PNEUMONIA,PNEUMONIA
image_0357.jpeg,tests/data/chestxray-dataset-1000/images/image_0357.jpeg,PNEUMONIA,NORMAL
image_0358.jpeg,tests/data/chestxray-dataset-1000/images/image_0358.jpeg,PNEUMONIA,PNEUMONIA
image_0359.jpeg,tests/data/chestxray-dataset-1000/images/image_0359.jpeg,PNEUMONIA,PNEUMONIA
image_0360.jpeg,tests/data/chestxray-dataset-1000/images/image_0360.jpeg,PNEUMONIA,PNEUMONIA
image_0361.jpeg,tests/data/chestxray-dataset-1000/images/image_0361.jpeg,PNEUMONIA,PNEUMONIA
image_0362.jpeg,tests/data/chestxray-dataset-1000/images/image_0362.jpeg,PNEUMONIA,PNEUMONIA
image_0363.jpeg,tests/data/chestxray-dataset-1000/images/image_0363.jpeg,PNEUMONIA,PNEUMONIA
image_0364.jpeg,tests/data/chestxray-dataset-1000/images/image_0364.jpeg,PNEUMONIA,NORMAL
image_0365.jpeg,tests/data/chestxray-dataset-1000/images/image_0365.jpeg,PNEUMONIA,NORMAL
image_0366.jpeg,tests/data/chestxray-dataset-1000/images/image_0366.jpeg,PNEUMONIA,PNEUMONIA
image_0367.jpeg,tests/data/chestxray-dataset-1000/images/image_0367.jpeg,PNEUMONIA,PNEUMONIA
image_0368.jpeg,tests/data/chestxray-dataset-1000/images/image_0368.jpeg,PNEUMONIA,PNEUMONIA
image_0369.jpeg,tests/data/chestxray-dataset-1000/images/image_0369.jpeg,PNEUMONIA,NORMAL
image_0370.jpeg,tests/data/chestxray-dataset-1000/images/image_0370.jpeg,PNEUMONIA,PNEUMONIA
image_0371.jpeg,tests/data/chestxray-dataset-1000/images/image_0371.jpeg,PNEUMONIA,PNEUMONIA
image_0372.jpeg,tests/data/chestxray-dataset-1000/images/image_0372.jpeg,PNEUMONIA,PNEUMONIA
image_0373.jpeg,tests/data/chestxray-dataset-1000/images/image_0373.jpeg,PNEUMONIA,PNEUMONIA
image_0374.jpeg,tests/data/chestxray-dataset-1000/images/image_0374.jpeg,PNEUMONIA,PNEUMONIA
image_0375.jpeg,tests/data/chestxray-dataset-1000/images/image_0375.jpeg,PNEUMONIA,PNEUMONIA
image_0376.jpeg,tests/data/chestxray-dataset-1000/images/image_0376.jpeg,PNEUMONIA,PNEUMONIA
image_0377.jpeg,tests/data/chestxray-dataset-1000/images/image_0377.jpeg,PNEUMONIA,PNEUMONIA
image_0378.jpeg,tests/data/chestxray-dataset-1000/images/image_0378.jpeg,PNEUMONIA,PNEUMONIA
image_0379.jpeg,tests/data/chestxray-dataset-1000/images/image_0379.jpeg,PNEUMONIA,PNEUMONIA
image_0380.jpeg,tests/data/chestxray-dataset-1000/images/image_0380.jpeg,PNEUMONIA,PNEUMONIA
image_0381.jpeg,tests/data/chestxray-dataset-1000/images/image_0381.jpeg,PNEUMONIA,PNEUMONIA
image_0382.jpeg,tests/data/chestxray-dataset-1000/images/image_0382.jpeg,PNEUMONIA,PNEUMONIA
image_0383.jpeg,tests/data/chestxray-dataset-1000/images/image_0383.jpeg,PNEUMONIA,PNEUMONIA
image_0384.jpeg,tests/data/chestxray-dataset-1000/images/image_0384.jpeg,PNEUMONIA,PNEUMONIA
image_0385.jpeg,tests/data/chestxray-dataset-1000/images/image_0385.jpeg,PNEUMONIA,PNEUMONIA
image_0386.jpeg,tests/data/chestxray-dataset-1000/images/image_0386.jpeg,PNEUMONIA,PNEUMONIA
image_0387.jpeg,tests/data/chestxray-dataset-1000/images/image_0387.jpeg,PNEUMONIA,PNEUMONIA
image_0388.jpeg,tests/data/chestxray-dataset-1000/images/image_0388.jpeg,PNEUMONIA,PNEUMONIA
image_0389.jpeg,tests/data/chestxray-dataset-1000/images/image_0389.jpeg,PNEUMONIA,PNEUMONIA
image_0390.jpeg,tests/data/chestxray-dataset-1000/images/image_0390.jpeg,PNEUMONIA,PNEUMONIA
image_0391.jpeg,tests/data/chestxray-dataset-1000/images/image_0391.jpeg,PNEUMONIA,PNEUMONIA
image_0392.jpeg,tests/data/chestxray-dataset-1000/images/image_0392.jpeg,PNEUMONIA,PNEUMONIA
image_0393.jpeg,tests/data/chestxray-dataset-1000/images/image_0393.jpeg,PNEUMONIA,PNEUMONIA
image_0394.jpeg,tests/data/chestxray-dataset-1000/images/image_0394.jpeg,PNEUMONIA,PNEUMONIA
image_0395.jpeg,tests/data/chestxray-dataset-1000/images/image_0395.jpeg,PNEUMONIA,PNEUMONIA
image_0396.jpeg,tests/data/chestxray-dataset-1000/images/image_0396.jpeg,PNEUMONIA,PNEUMONIA
image_0397.jpeg,tests/data/chestxray-dataset-1000/images/image_0397.jpeg,PNEUMONIA,PNEUMONIA
image_0398.jpeg,tests/data/chestxray-dataset-1000/images/image_0398.jpeg,PNEUMONIA,NORMAL
image_0399.jpeg,tests/data/chestxray-dataset-1000/images/image_0399.jpeg,PNEUMONIA,PNEUMONIA
image_0400.jpeg,tests/data/chestxray-dataset-1000/images/image_0400.jpeg,PNEUMONIA,PNEUMONIA
image_0401.jpeg,tests/data/chestxray-dataset-1000/images/image_0401.jpeg,PNEUMONIA,PNEUMONIA
image_0402.jpeg,tests/data/chestxray-dataset-1000/images/image_0402.jpeg,PNEUMONIA,NORMAL
image_0403.jpeg,tests/data/chestxray-dataset-1000/images/image_0403.jpeg,PNEUMONIA,PNEUMONIA
image_0404.jpeg,tests/data/chestxray-dataset-1000/images/image_0404.jpeg,PNEUMONIA,PNEUMONIA
image_0405.jpeg,tests/data/chestxray-dataset-1000/images/image_0405.jpeg,PNEUMONIA,NORMAL
image_0406.jpeg,tests/data/chestxray-dataset-1000/images/image_0406.jpeg,PNEUMONIA,PNEUMONIA
image_0407.jpeg,tests/data/chestxray-dataset-1000/images/image_0407.jpeg,PNEUMONIA,PNEUMONIA
image_0408.jpeg,tests/data/chestxray-dataset-1000/images/image_0408.jpeg,PNEUMONIA,PNEUMONIA
image_0409.jpeg,tests/data/chestxray-dataset-1000/images/image_0409.jpeg,PNEUMONIA,PNEUMONIA
image_0410.jpeg,tests/data/chestxray-dataset-1000/images/image_0410.jpeg,PNEUMONIA,PNEUMONIA
image_0411.jpeg,tests/data/chestxray-dataset-1000/images/image_0411.jpeg,PNEUMONIA,PNEUMONIA
image_0412.jpeg,tests/data/chestxray-dataset-1000/images/image_0412.jpeg,PNEUMONIA,PNEUMONIA
image_0413.jpeg,tests/data/chestxray-dataset-1000/images/image_0413.jpeg,PNEUMONIA,PNEUMONIA
image_0414.jpeg,tests/data/chestxray-dataset-1000/images/image_0414.jpeg,PNEUMONIA,NORMAL
image_0415.jpeg,tests/data/chestxray-dataset-1000/images/image_0415.jpeg,PNEUMONIA,PNEUMONIA
image_0416.jpeg,tests/data/chestxray-dataset-1000/images/image_0416.jpeg,PNEUMONIA,PNEUMONIA
image_0417.jpeg,tests/data/chestxray-dataset-1000/images/image_0417.jpeg,PNEUMONIA,PNEUMONIA
image_0418.jpeg,tests/data/chestxray-dataset-1000/images/image_0418.jpeg,PNEUMONIA,PNEUMONIA
image_0419.jpeg,tests/data/chestxray-dataset-1000/images/image_0419.jpeg,PNEUMONIA,PNEUMONIA
image_0420.jpeg,tests/data/chestxray-dataset-1000/images/image_0420.jpeg,PNEUMONIA,PNEUMONIA
image_0421.jpeg,tests/data/chestxray-dataset-1000/images/image_0421.jpeg,PNEUMONIA,PNEUMONIA
image_0422.jpeg,tests/data/chestxray-dataset-1000/images/image_0422.jpeg,PNEUMONIA,NORMAL
image_0423.jpeg,tests/data/chestxray-dataset-1000/images/image_0423.jpeg,PNEUMONIA,PNEUMONIA
image_0424.jpeg,tests/data/chestxray-dataset-1000/images/image_0424.jpeg,PNEUMONIA,NORMAL
image_0425.jpeg,tests/data/chestxray-dataset-1000/images/image_0425.jpeg,PNEUMONIA,PNEUMONIA
image_0426.jpeg,tests/data/chestxray-dataset-1000/images/image_0426.jpeg,PNEUMONIA,PNEUMONIA
image_0427.jpeg,tests/data/chestxray-dataset-1000/images/image_0427.jpeg,PNEUMONIA,PNEUMONIA
image_0428.jpeg,tests/data/chestxray-dataset-1000/images/image_0428.jpeg,PNEUMONIA,PNEUMONIA
image_0429.jpeg,tests/data/chestxray-dataset-1000/images/image_0429.jpeg,PNEUMONIA,PNEUMONIA
image_0430.jpeg,tests/data/chestxray-dataset-1000/images/image_0430.jpeg,PNEUMONIA,PNEUMONIA
image_0431.jpeg,tests/data/chestxray-dataset-1000/images/image_0431.jpeg,PNEUMONIA,PNEUMONIA
image_0432.jpeg,tests/data/chestxray-dataset-1000/images/image_0432.jpeg,PNEUMONIA,PNEUMONIA
image_0433.jpeg,tests/data/chestxray-dataset-1000/images/image_0433.jpeg,PNEUMONIA,PNEUMONIA
image_0434.jpeg,tests/data/chestxray-dataset-1000/images/image_0434.jpeg,PNEUMONIA,PNEUMONIA
image_0435.jpeg,tests/data/chestxray-dataset-1000/images/image_0435.jpeg,PNEUMONIA,PNEUMONIA
image_0436.jpeg,tests/data/chestxray-dataset-1000/images/image_0436.jpeg,PNEUMONIA,PNEUMONIA
image_0437.jpeg,tests/data/chestxray-dataset-1000/images/image_0437.jpeg,PNEUMONIA,NORMAL
image_0438.jpeg,tests/data/chestxray-dataset-1000/images/image_0438.jpeg,PNEUMONIA,PNEUMONIA
image_0439.jpeg,tests/data/chestxray-dataset-1000/images/image_0439.jpeg,PNEUMONIA,PNEUMONIA
image_0440.jpeg,tests/data/chestxray-dataset-1000/images/image_0440.jpeg,PNEUMONIA,PNEUMONIA
image_0441.jpeg,tests/data/chestxray-dataset-1000/images/image_0441.jpeg,PNEUMONIA,NORMAL
image_0442.jpeg,tests/data/chestxray-dataset-1000/images/image_0442.jpeg,PNEUMONIA,PNEUMONIA
image_0443.jpeg,tests/data/chestxray-dataset-1000/images/image_0443.jpeg,PNEUMONIA,PNEUMONIA
image_0444.jpeg,tests/data/chestxray-dataset-1000/images/image_0444.jpeg,PNEUMONIA,PNEUMONIA
image_0445.jpeg,tests/data/chestxray-dataset-1000/images/image_0445.jpeg,PNEUMONIA,PNEUMONIA
image_0446.jpeg,tests/data/chestxray-dataset-1000/images/image_0446.jpeg,PNEUMONIA,PNEUMONIA
image_0447.jpeg,tests/data/chestxray-dataset-1000/images/image_0447.jpeg,PNEUMONIA,NORMAL
image_0448.jpeg,tests/data/chestxray-dataset-1000/images/image_0448.jpeg,PNEUMONIA,PNEUMONIA
image_0449.jpeg,tests/data/chestxray-dataset-1000/images/image_0449.jpeg,PNEUMONIA,NORMAL
image_0450.jpeg,tests/data/chestxray-dataset-1000/images/image_0450.jpeg,PNEUMONIA,PNEUMONIA
image_0451.jpeg,tests/data/chestxray-dataset-1000/images/image_0451.jpeg,PNEUMONIA,PNEUMONIA
image_0452.jpeg,tests/data/chestxray-dataset-1000/images/image_0452.jpeg,PNEUMONIA,PNEUMONIA
image_0453.jpeg,tests/data/chestxray-dataset-1000/images/image_0453.jpeg,PNEUMONIA,PNEUMONIA
image_0454.jpeg,tests/data/chestxray-dataset-1000/images/image_0454.jpeg,PNEUMONIA,NORMAL
image_0455.jpeg,tests/data/chestxray-dataset-1000/images/image_0455.jpeg,PNEUMONIA,PNEUMONIA
image_0456.jpeg,tests/data/chestxray-dataset-1000/images/image_0456.jpeg,PNEUMONIA,PNEUMONIA
image_0457.jpeg,tests/data/chestxray-dataset-1000/images/image_0457.jpeg,PNEUMONIA,PNEUMONIA
image_0458.jpeg,tests/data/chestxray-dataset-1000/images/image_0458.jpeg,PNEUMONIA,NORMAL
image_0459.jpeg,tests/data/chestxray-dataset-1000/images/image_0459.jpeg,PNEUMONIA,PNEUMONIA
image_0460.jpeg,tests/data/chestxray-dataset-1000/images/image_0460.jpeg,PNEUMONIA,PNEUMONIA
image_0461.jpeg,tests/data/chestxray-dataset-1000/images/image_0461.jpeg,PNEUMONIA,PNEUMONIA
image_0462.jpeg,tests/data/chestxray-dataset-1000/images/image_0462.jpeg,PNEUMONIA,NORMAL
image_0463.jpeg,tests/data/chestxray-dataset-1000/images/image_0463.jpeg,PNEUMONIA,NORMAL
image_0464.jpeg,tests/data/chestxray-dataset-1000/images/image_0464.jpeg,PNEUMONIA,PNEUMONIA
image_0465.jpeg,tests/data/chestxray-dataset-1000/images/image_0465.jpeg,PNEUMONIA,PNEUMONIA
image_0466.jpeg,tests/data/chestxray-dataset-1000/images/image_0466.jpeg,PNEUMONIA,PNEUMONIA
image_0467.jpeg,tests/data/chestxray-dataset-1000/images/image_0467.jpeg,PNEUMONIA,PNEUMONIA
image_0468.jpeg,tests/data/chestxray-dataset-1000/images/image_0468.jpeg,PNEUMONIA,PNEUMONIA
image_0469.jpeg,tests/data/chestxray-dataset-1000/images/image_0469.jpeg,PNEUMONIA,PNEUMONIA
image_0470.jpeg,tests/data/chestxray-dataset-1000/images/image_0470.jpeg,PNEUMONIA,PNEUMONIA
image_0471.jpeg,tests/data/chestxray-dataset-1000/images/image_0471.jpeg,PNEUMONIA,PNEUMONIA
image_0472.jpeg,tests/data/chestxray-dataset-1000/images/image_0472.jpeg,PNEUMONIA,PNEUMONIA
image_0473.jpeg,tests/data/chestxray-dataset-1000/images/image_0473.jpeg,PNEUMONIA,PNEUMONIA
image_0474.jpeg,tests/data/chestxray-dataset-1000/images/image_0474.jpeg,PNEUMONIA,PNEUMONIA
image_0475.jpeg,tests/data/chestxray-dataset-1000/images/image_0475.jpeg,PNEUMONIA,PNEUMONIA
image_0476.jpeg,tests/data/chestxray-dataset-1000/images/image_0476.jpeg,PNEUMONIA,PNEUMONIA
image_0477.jpeg,tests/data/chestxray-dataset-1000/images/image_0477.jpeg,PNEUMONIA,NORMAL
image_0478.jpeg,tests/data/chestxray-dataset-1000/images/image_0478.jpeg,PNEUMONIA,NORMAL
image_0479.jpeg,tests/data/chestxray-dataset-1000/images/image_0479.jpeg,PNEUMONIA,NORMAL
image_0480.jpeg,tests/data/chestxray-dataset-1000/images/image_0480.jpeg,PNEUMONIA,PNEUMONIA
image_0481.jpeg,tests/data/chestxray-dataset-1000/images/image_0481.jpeg,PNEUMONIA,PNEUMONIA
image_0482.jpeg,tests/data/chestxray-dataset-1000/images/image_0482.jpeg,PNEUMONIA,PNEUMONIA
image_0483.jpeg,tests/data/chestxray-dataset-1000/images/image_0483.jpeg,PNEUMONIA,PNEUMONIA
image_0484.jpeg,tests/data/chestxray-dataset-1000/images/image_0484.jpeg,PNEUMONIA,PNEUMONIA
image_0485.jpeg,tests/data/chestxray-dataset-1000/images/image_0485.jpeg,PNEUMONIA,PNEUMONIA
image_0486.jpeg,tests/data/chestxray-dataset-1000/images/image_0486.jpeg,PNEUMONIA,NORMAL
image_0487.jpeg,tests/data/chestxray-dataset-1000/images/image_0487.jpeg,PNEUMONIA,PNEUMONIA
image_0488.jpeg,tests/data/chestxray-dataset-1000/images/image_0488.jpeg,PNEUMONIA,PNEUMONIA
image_0489.jpeg,tests/data/chestxray-dataset-1000/images/image_0489.jpeg,PNEUMONIA,NORMAL
image_0490.jpeg,tests/data/chestxray-dataset-1000/images/image_0490.jpeg,PNEUMONIA,PNEUMONIA
image_0491.jpeg,tests/data/chestxray-dataset-1000/images/image_0491.jpeg,PNEUMONIA,NORMAL
image_0492.jpeg,tests/data/chestxray-dataset-1000/images/image_0492.jpeg,PNEUMONIA,PNEUMONIA
image_0493.jpeg,tests/data/chestxray-dataset-1000/images/image_0493.jpeg,PNEUMONIA,PNEUMONIA
image_0494.jpeg,tests/data/chestxray-dataset-1000/images/image_0494.jpeg,PNEUMONIA,PNEUMONIA
image_0495.jpeg,tests/data/chestxray-dataset-1000/images/image_0495.jpeg,PNEUMONIA,PNEUMONIA
image_0496.jpeg,tests/data/chestxray-dataset-1000/images/image_0496.jpeg,PNEUMONIA,PNEUMONIA
image_0497.jpeg,tests/data/chestxray-dataset-1000/images/image_0497.jpeg,PNEUMONIA,PNEUMONIA
image_0498.jpeg,tests/data/chestxray-dataset-1000/images/image_0498.jpeg,PNEUMONIA,PNEUMONIA
image_0499.jpeg,tests/data/chestxray-dataset-1000/images/image_0499.jpeg,PNEUMONIA,PNEUMONIA
image_0500.jpeg,tests/data/chestxray-dataset-1000/images/image_0500.jpeg,PNEUMONIA,PNEUMONIA
image_0501.jpeg,tests/data/chestxray-dataset-1000/images/image_0501.jpeg,NORMAL,PNEUMONIA
image_0502.jpeg,tests/data/chestxray-dataset-1000/images/image_0502.jpeg,NORMAL,NORMAL
image_0503.jpeg,tests/data/chestxray-dataset-1000/images/image_0503.jpeg,NORMAL,NORMAL
image_0504.jpeg,tests/data/chestxray-dataset-1000/images/image_0504.jpeg,NORMAL,NORMAL
image_0505.jpeg,tests/data/chestxray-dataset-1000/images/image_0505.jpeg,NORMAL,PNEUMONIA
image_0506.jpeg,tests/data/chestxray-dataset-1000/images/image_0506.jpeg,NORMAL,NORMAL
image_0507.jpeg,tests/data/chestxray-dataset-1000/images/image_0507.jpeg,NORMAL,PNEUMONIA
image_0508.jpeg,tests/data/chestxray-dataset-1000/images/image_0508.jpeg,NORMAL,NORMAL
image_0509.jpeg,tests/data/chestxray-dataset-1000/images/image_0509.jpeg,NORMAL,NORMAL
image_0510.jpeg,tests/data/chestxray-dataset-1000/images/image_0510.jpeg,NORMAL,NORMAL
image_0511.jpeg,tests/data/chestxray-dataset-1000/images/image_0511.jpeg,NORMAL,PNEUMONIA
image_0512.jpeg,tests/data/chestxray-dataset-1000/images/image_0512.jpeg,NORMAL,NORMAL
image_0513.jpeg,tests/data/chestxray-dataset-1000/images/image_0513.jpeg,NORMAL,NORMAL
image_0514.jpeg,tests/data/chestxray-dataset-1000/images/image_0514.jpeg,NORMAL,PNEUMONIA
image_0515.jpeg,tests/data/chestxray-dataset-1000/images/image_0515.jpeg,NORMAL,NORMAL
image_0516.jpeg,tests/data/chestxray-dataset-1000/images/image_0516.jpeg,NORMAL,NORMAL
image_0517.jpeg,tests/data/chestxray-dataset-1000/images/image_0517.jpeg,NORMAL,NORMAL
image_0518.jpeg,tests/data/chestxray-dataset-1000/images/image_0518.jpeg,NORMAL,PNEUMONIA
image_0519.jpeg,tests/data/chestxray-dataset-1000/images/image_0519.jpeg,NORMAL,NORMAL
image_0520.jpeg,tests/data/chestxray-dataset-1000/images/image_0520.jpeg,NORMAL,NORMAL
image_0521.jpeg,tests/data/chestxray-dataset-1000/images/image_0521.jpeg,NORMAL,PNEUMONIA
image_0522.jpeg,tests/data/chestxray-dataset-1000/images/image_0522.jpeg,NORMAL,PNEUMONIA
image_0523.jpeg,tests/data/chestxray-dataset-1000/images/image_0523.jpeg,NORMAL,NORMAL
image_0524.jpeg,tests/data/chestxray-dataset-1000/images/image_0524.jpeg,NORMAL,PNEUMONIA
image_0525.jpeg,tests/data/chestxray-dataset-1000/images/image_0525.jpeg,NORMAL,NORMAL
image_0526.jpeg,tests/data/chestxray-dataset-1000/images/image_0526.jpeg,NORMAL,NORMAL
image_0527.jpeg,tests/data/chestxray-dataset-1000/images/image_0527.jpeg,NORMAL,PNEUMONIA
image_0528.jpeg,tests/data/chestxray-dataset-1000/images/image_0528.jpeg,NORMAL,NORMAL
image_0529.jpeg,tests/data/chestxray-dataset-1000/images/image_0529.jpeg,NORMAL,NORMAL
image_0530.jpeg,tests/data/chestxray-dataset-1000/images/image_0530.jpeg,NORMAL,NORMAL
image_0531.jpeg,tests/data/chestxray-dataset-1000/images/image_0531.jpeg,NORMAL,NORMAL
image_0532.jpeg,tests/data/chestxray-dataset-1000/images/image_0532.jpeg,NORMAL,PNEUMONIA
image_0533.jpeg,tests/data/chestxray-dataset-1000/images/image_0533.jpeg,NORMAL,PNEUMONIA
image_0534.jpeg,tests/data/chestxray-dataset-1000/images/image_0534.jpeg,NORMAL,PNEUMONIA
image_0535.jpeg,tests/data/chestxray-dataset-1000/images/image_0535.jpeg,NORMAL,NORMAL
image_0536.jpeg,tests/data/chestxray-dataset-1000/images/image_0536.jpeg,NORMAL,NORMAL
image_0537.jpeg,tests/data/chestxray-dataset-1000/images/image_0537.jpeg,NORMAL,NORMAL
image_0538.jpeg,tests/data/chestxray-dataset-1000/images/image_0538.jpeg,NORMAL,NORMAL
image_0539.jpeg,tests/data/chestxray-dataset-1000/images/image_0539.jpeg,NORMAL,NORMAL
image_0540.jpeg,tests/data/chestxray-dataset-1000/images/image_0540.jpeg,NORMAL,NORMAL
image_0541.jpeg,tests/data/chestxray-dataset-1000/images/image_0541.jpeg,NORMAL,NORMAL
image_0542.jpeg,tests/data/chestxray-dataset-1000/images/image_0542.jpeg,NORMAL,PNEUMONIA
image_0543.jpeg,tests/data/chestxray-dataset-1000/images/image_0543.jpeg,NORMAL,NORMAL
image_0544.jpeg,tests/data/chestxray-dataset-1000/images/image_0544.jpeg,NORMAL,PNEUMONIA
image_0545.jpeg,tests/data/chestxray-dataset-1000/images/image_0545.jpeg,NORMAL,NORMAL
image_0546.jpeg,tests/data/chestxray-dataset-1000/images/image_0546.jpeg,NORMAL,NORMAL
image_0547.jpeg,tests/data/chestxray-dataset-1000/images/image_0547.jpeg,NORMAL,NORMAL
image_0548.jpeg,tests/data/chestxray-dataset-1000/images/image_0548.jpeg,NORMAL,NORMAL
image_0549.jpeg,tests/data/chestxray-dataset-1000/images/image_0549.jpeg,NORMAL,PNEUMONIA
image_0550.jpeg,tests/data/chestxray-dataset-1000/images/image_0550.jpeg,NORMAL,NORMAL
image_0551.jpeg,tests/data/chestxray-dataset-1000/images/image_0551.jpeg,NORMAL,NORMAL
image_0552.jpeg,tests/data/chestxray-dataset-1000/images/image_0552.jpeg,NORMAL,NORMAL
image_0553.jpeg,tests/data/chestxray-dataset-1000/images/image_0553.jpeg,NORMAL,PNEUMONIA
image_0554.jpeg,tests/data/chestxray-dataset-1000/images/image_0554.jpeg,NORMAL,NORMAL
image_0555.jpeg,tests/data/chestxray-dataset-1000/images/image_0555.jpeg,NORMAL,PNEUMONIA
image_0556.jpeg,tests/data/chestxray-dataset-1000/images/image_0556.jpeg,NORMAL,PNEUMONIA
image_0557.jpeg,tests/data/chestxray-dataset-1000/images/image_0557.jpeg,NORMAL,NORMAL
image_0558.jpeg,tests/data/chestxray-dataset-1000/images/image_0558.jpeg,NORMAL,PNEUMONIA
image_0559.jpeg,tests/data/chestxray-dataset-1000/images/image_0559.jpeg,NORMAL,PNEUMONIA
image_0560.jpeg,tests/data/chestxray-dataset-1000/images/image_0560.jpeg,NORMAL,NORMAL
image_0561.jpeg,tests/data/chestxray-dataset-1000/images/image_0561.jpeg,NORMAL,PNEUMONIA
image_0562.jpeg,tests/data/chestxray-dataset-1000/images/image_0562.jpeg,NORMAL,PNEUMONIA
image_0563.jpeg,tests/data/chestxray-dataset-1000/images/image_0563.jpeg,NORMAL,NORMAL
image_0564.jpeg,tests/data/chestxray-dataset-1000/images/image_0564.jpeg,NORMAL,PNEUMONIA
image_0565.jpeg,tests/data/chestxray-dataset-1000/images/image_0565.jpeg,NORMAL,NORMAL
image_0566.jpeg,tests/data/chestxray-dataset-1000/images/image_0566.jpeg,NORMAL,PNEUMONIA
image_0567.jpeg,tests/data/chestxray-dataset-1000/images/image_0567.jpeg,NORMAL,PNEUMONIA
image_0568.jpeg,tests/data/chestxray-dataset-1000/images/image_0568.jpeg,NORMAL,PNEUMONIA
image_0569.jpeg,tests/data/chestxray-dataset-1000/images/image_0569.jpeg,NORMAL,PNEUMONIA
image_0570.jpeg,tests/data/chestxray-dataset-1000/images/image_0570.jpeg,NORMAL,PNEUMONIA
image_0571.jpeg,tests/data/chestxray-dataset-1000/images/image_0571.jpeg,NORMAL,NORMAL
image_0572.jpeg,tests/data/chestxray-dataset-1000/images/image_0572.jpeg,NORMAL,NORMAL
image_0573.jpeg,tests/data/chestxray-dataset-1000/images/image_0573.jpeg,NORMAL,NORMAL
image_0574.jpeg,tests/data/chestxray-dataset-1000/images/image_0574.jpeg,NORMAL,NORMAL
image_0575.jpeg,tests/data/chestxray-dataset-1000/images/image_0575.jpeg,NORMAL,NORMAL
image_0576.jpeg,tests/data/chestxray-dataset-1000/images/image_0576.jpeg,NORMAL,PNEUMONIA
image_0577.jpeg,tests/data/chestxray-dataset-1000/images/image_0577.jpeg,NORMAL,NORMAL
image_0578.jpeg,tests/data/chestxray-dataset-1000/images/image_0578.jpeg,NORMAL,NORMAL
image_0579.jpeg,tests/data/chestxray-dataset-1000/images/image_0579.jpeg,NORMAL,PNEUMONIA
image_0580.jpeg,tests/data/chestxray-dataset-1000/images/image_0580.jpeg,NORMAL,NORMAL
image_0581.jpeg,tests/data/chestxray-dataset-1000/images/image_0581.jpeg,NORMAL,PNEUMONIA
image_0582.jpeg,tests/data/chestxray-dataset-1000/images/image_0582.jpeg,NORMAL,PNEUMONIA
image_0583.jpeg,tests/data/chestxray-dataset-1000/images/image_0583.jpeg,NORMAL,PNEUMONIA
image_0584.jpeg,tests/data/chestxray-dataset-1000/images/image_0584.jpeg,NORMAL,PNEUMONIA
image_0585.jpeg,tests/data/chestxray-dataset-1000/images/image_0585.jpeg,NORMAL,NORMAL
image_0586.jpeg,tests/data/chestxray-dataset-1000/images/image_0586.jpeg,NORMAL,NORMAL
image_0587.jpeg,tests/data/chestxray-dataset-1000/images/image_0587.jpeg,NORMAL,PNEUMONIA
image_0588.jpeg,tests/data/chestxray-dataset-1000/images/image_0588.jpeg,NORMAL,PNEUMONIA
image_0589.jpeg,tests/data/chestxray-dataset-1000/images/image_0589.jpeg,NORMAL,PNEUMONIA
image_0590.jpeg,tests/data/chestxray-dataset-1000/images/image_0590.jpeg,NORMAL,PNEUMONIA
image_0591.jpeg,tests/data/chestxray-dataset-1000/images/image_0591.jpeg,NORMAL,NORMAL
image_0592.jpeg,tests/data/chestxray-dataset-1000/images/image_0592.jpeg,NORMAL,NORMAL
image_0593.jpeg,tests/data/chestxray-dataset-1000/images/image_0593.jpeg,NORMAL,PNEUMONIA
image_0594.jpeg,tests/data/chestxray-dataset-1000/images/image_0594.jpeg,NORMAL,NORMAL
image_0595.jpeg,tests/data/chestxray-dataset-1000/images/image_0595.jpeg,NORMAL,NORMAL
image_0596.jpeg,tests/data/chestxray-dataset-1000/images/image_0596.jpeg,NORMAL,NORMAL
image_0597.jpeg,tests/data/chestxray-dataset-1000/images/image_0597.jpeg,NORMAL,NORMAL
image_0598.jpeg,tests/data/chestxray-dataset-1000/images/image_0598.jpeg,NORMAL,NORMAL
image_0599.jpeg,tests/data/chestxray-dataset-1000/images/image_0599.jpeg,NORMAL,NORMAL
image_0600.jpeg,tests/data/chestxray-dataset-1000/images/image_0600.jpeg,NORMAL,NORMAL
image_0601.jpeg,tests/data/chestxray-dataset-1000/images/image_0601.jpeg,NORMAL,NORMAL
image_0602.jpeg,tests/data/chestxray-dataset-1000/images/image_0602.jpeg,NORMAL,NORMAL
image_0603.jpeg,tests/data/chestxray-dataset-1000/images/image_0603.jpeg,NORMAL,NORMAL
image_0604.jpeg,tests/data/chestxray-dataset-1000/images/image_0604.jpeg,NORMAL,PNEUMONIA
image_0605.jpeg,tests/data/chestxray-dataset-1000/images/image_0605.jpeg,NORMAL,NORMAL
image_0606.jpeg,tests/data/chestxray-dataset-1000/images/image_0606.jpeg,NORMAL,NORMAL
image_0607.jpeg,tests/data/chestxray-dataset-1000/images/image_0607.jpeg,NORMAL,NORMAL
image_0608.jpeg,tests/data/chestxray-dataset-1000/images/image_0608.jpeg,NORMAL,NORMAL
image_0609.jpeg,tests/data/chestxray-dataset-1000/images/image_0609.jpeg,NORMAL,PNEUMONIA
image_0610.jpeg,tests/data/chestxray-dataset-1000/images/image_0610.jpeg,NORMAL,NORMAL
image_0611.jpeg,tests/data/chestxray-dataset-1000/images/image_0611.jpeg,NORMAL,NORMAL
image_0612.jpeg,tests/data/chestxray-dataset-1000/images/image_0612.jpeg,NORMAL,PNEUMONIA
image_0613.jpeg,tests/data/chestxray-dataset-1000/images/image_0613.jpeg,NORMAL,PNEUMONIA
image_0614.jpeg,tests/data/chestxray-dataset-1000/images/image_0614.jpeg,NORMAL,NORMAL
image_0615.jpeg,tests/data/chestxray-dataset-1000/images/image_0615.jpeg,NORMAL,NORMAL
image_0616.jpeg,tests/data/chestxray-dataset-1000/images/image_0616.jpeg,NORMAL,NORMAL
image_0617.jpeg,tests/data/chestxray-dataset-1000/images/image_0617.jpeg,NORMAL,NORMAL
image_0618.jpeg,tests/data/chestxray-dataset-1000/images/image_0618.jpeg,NORMAL,PNEUMONIA
image_0619.jpeg,tests/data/chestxray-dataset-1000/images/image_0619.jpeg,NORMAL,NORMAL
image_0620.jpeg,tests/data/chestxray-dataset-1000/images/image_0620.jpeg,NORMAL,NORMAL
image_0621.jpeg,tests/data/chestxray-dataset-1000/images/image_0621.jpeg,NORMAL,PNEUMONIA
image_0622.jpeg,tests/data/chestxray-dataset-1000/images/image_0622.jpeg,NORMAL,PNEUMONIA
image_0623.jpeg,tests/data/chestxray-dataset-1000/images/image_0623.jpeg,NORMAL,PNEUMONIA
image_0624.jpeg,tests/data/chestxray-dataset-1000/images/image_0624.jpeg,NORMAL,PNEUMONIA
image_0625.jpeg,tests/data/chestxray-dataset-1000/images/image_0625.jpeg,NORMAL,PNEUMONIA
image_0626.jpeg,tests/data/chestxray-dataset-1000/images/image_0626.jpeg,NORMAL,NORMAL
image_0627.jpeg,tests/data/chestxray-dataset-1000/images/image_0627.jpeg,NORMAL,NORMAL
image_0628.jpeg,tests/data/chestxray-dataset-1000/images/image_0628.jpeg,NORMAL,PNEUMONIA
image_0629.jpeg,tests/data/chestxray-dataset-1000/images/image_0629.jpeg,NORMAL,PNEUMONIA
image_0630.jpeg,tests/data/chestxray-dataset-1000/images/image_0630.jpeg,NORMAL,NORMAL
image_0631.jpeg,tests/data/chestxray-dataset-1000/images/image_0631.jpeg,NORMAL,NORMAL
image_0632.jpeg,tests/data/chestxray-dataset-1000/images/image_0632.jpeg,NORMAL,NORMAL
image_0633.jpeg,tests/data/chestxray-dataset-1000/images/image_0633.jpeg,NORMAL,PNEUMONIA
image_0634.jpeg,tests/data/chestxray-dataset-1000/images/image_0634.jpeg,NORMAL,PNEUMONIA
image_0635.jpeg,tests/data/chestxray-dataset-1000/images/image_0635.jpeg,NORMAL,NORMAL
image_0636.jpeg,tests/data/chestxray-dataset-1000/images/image_0636.jpeg,NORMAL,NORMAL
image_0637.jpeg,tests/data/chestxray-dataset-1000/images/image_0637.jpeg,NORMAL,NORMAL
image_0638.jpeg,tests/data/chestxray-dataset-1000/images/image_0638.jpeg,NORMAL,PNEUMONIA
image_0639.jpeg,tests/data/chestxray-dataset-1000/images/image_0639.jpeg,NORMAL,NORMAL
image_0640.jpeg,tests/data/chestxray-dataset-1000/images/image_0640.jpeg,NORMAL,NORMAL
image_0641.jpeg,tests/data/chestxray-dataset-1000/images/image_0641.jpeg,NORMAL,PNEUMONIA
image_0642.jpeg,tests/data/chestxray-dataset-1000/images/image_0642.jpeg,NORMAL,NORMAL
image_0643.jpeg,tests/data/chestxray-dataset-1000/images/image_0643.jpeg,NORMAL,PNEUMONIA
image_0644.jpeg,tests/data/chestxray-dataset-1000/images/image_0644.jpeg,NORMAL,PNEUMONIA
image_0645.jpeg,tests/data/chestxray-dataset-1000/images/image_0645.jpeg,NORMAL,PNEUMONIA
image_0646.jpeg,tests/data/chestxray-dataset-1000/images/image_0646.jpeg,NORMAL,NORMAL
image_0647.jpeg,tests/data/chestxray-dataset-1000/images/image_0647.jpeg,NORMAL,NORMAL
image_0648.jpeg,tests/data/chestxray-dataset-1000/images/image_0648.jpeg,NORMAL,NORMAL
image_0649.jpeg,tests/data/chestxray-dataset-1000/images/image_0649.jpeg,NORMAL,NORMAL
image_0650.jpeg,tests/data/chestxray-dataset-1000/images/image_0650.jpeg,NORMAL,NORMAL
image_0651.jpeg,tests/data/chestxray-dataset-1000/images/image_0651.jpeg,NORMAL,NORMAL
image_0652.jpeg,tests/data/chestxray-dataset-1000/images/image_0652.jpeg,NORMAL,NORMAL
image_0653.jpeg,tests/data/chestxray-dataset-1000/images/image_0653.jpeg,NORMAL,NORMAL
image_0654.jpeg,tests/data/chestxray-dataset-1000/images/image_0654.jpeg,NORMAL,PNEUMONIA
image_0655.jpeg,tests/data/chestxray-dataset-1000/images/image_0655.jpeg,NORMAL,NORMAL
image_0656.jpeg,tests/data/chestxray-dataset-1000/images/image_0656.jpeg,NORMAL,NORMAL
image_0657.jpeg,tests/data/chestxray-dataset-1000/images/image_0657.jpeg,NORMAL,PNEUMONIA
image_0658.jpeg,tests/data/chestxray-dataset-1000/images/image_0658.jpeg,NORMAL,PNEUMONIA
image_0659.jpeg,tests/data/chestxray-dataset-1000/images/image_0659.jpeg,NORMAL,NORMAL
image_0660.jpeg,tests/data/chestxray-dataset-1000/images/image_0660.jpeg,NORMAL,PNEUMONIA
image_0661.jpeg,tests/data/chestxray-dataset-1000/images/image_0661.jpeg,NORMAL,NORMAL
image_0662.jpeg,tests/data/chestxray-dataset-1000/images/image_0662.jpeg,NORMAL,NORMAL
image_0663.jpeg,tests/data/chestxray-dataset-1000/images/image_0663.jpeg,NORMAL,PNEUMONIA
image_0664.jpeg,tests/data/chestxray-dataset-1000/images/image_0664.jpeg,NORMAL,PNEUMONIA
image_0665.jpeg,tests/data/chestxray-dataset-1000/images/image_0665.jpeg,NORMAL,NORMAL
image_0666.jpeg,tests/data/chestxray-dataset-1000/images/image_0666.jpeg,NORMAL,NORMAL
image_0667.jpeg,tests/data/chestxray-dataset-1000/images/image_0667.jpeg,NORMAL,PNEUMONIA
image_0668.jpeg,tests/data/chestxray-dataset-1000/images/image_0668.jpeg,NORMAL,NORMAL
image_0669.jpeg,tests/data/chestxray-dataset-1000/images/image_0669.jpeg,NORMAL,NORMAL
image_0670.jpeg,tests/data/chestxray-dataset-1000/images/image_0670.jpeg,NORMAL,PNEUMONIA
image_0671.jpeg,tests/data/chestxray-dataset-1000/images/image_0671.jpeg,NORMAL,PNEUMONIA
image_0672.jpeg,tests/data/chestxray-dataset-1000/images/image_0672.jpeg,NORMAL,NORMAL
image_0673.jpeg,tests/data/chestxray-dataset-1000/images/image_0673.jpeg,NORMAL,NORMAL
image_0674.jpeg,tests/data/chestxray-dataset-1000/images/image_0674.jpeg,NORMAL,NORMAL
image_0675.jpeg,tests/data/chestxray-dataset-1000/images/image_0675.jpeg,NORMAL,NORMAL
image_0676.jpeg,tests/data/chestxray-dataset-1000/images/image_0676.jpeg,NORMAL,NORMAL
image_0677.jpeg,tests/data/chestxray-dataset-1000/images/image_0677.jpeg,NORMAL,NORMAL
image_0678.jpeg,tests/data/chestxray-dataset-1000/images/image_0678.jpeg,NORMAL,PNEUMONIA
image_0679.jpeg,tests/data/chestxray-dataset-1000/images/image_0679.jpeg,NORMAL,NORMAL
image_0680.jpeg,tests/data/chestxray-dataset-1000/images/image_0680.jpeg,NORMAL,NORMAL
image_0681.jpeg,tests/data/chestxray-dataset-1000/images/image_0681.jpeg,NORMAL,PNEUMONIA
image_0682.jpeg,tests/data/chestxray-dataset-1000/images/image_0682.jpeg,NORMAL,PNEUMONIA
image_0683.jpeg,tests/data/chestxray-dataset-1000/images/image_0683.jpeg,NORMAL,PNEUMONIA
image_0684.jpeg,tests/data/chestxray-dataset-1000/images/image_0684.jpeg,NORMAL,NORMAL
image_0685.jpeg,tests/data/chestxray-dataset-1000/images/image_0685.jpeg,NORMAL,PNEUMONIA
image_0686.jpeg,tests/data/chestxray-dataset-1000/images/image_0686.jpeg,NORMAL,NORMAL
image_0687.jpeg,tests/data/chestxray-dataset-1000/images/image_0687.jpeg,NORMAL,PNEUMONIA
image_0688.jpeg,tests/data/chestxray-dataset-1000/images/image_0688.jpeg,NORMAL,NORMAL
image_0689.jpeg,tests/data/chestxray-dataset-1000/images/image_0689.jpeg,NORMAL,PNEUMONIA
image_0690.jpeg,tests/data/chestxray-dataset-1000/images/image_0690.jpeg,NORMAL,NORMAL
image_0691.jpeg,tests/data/chestxray-dataset-1000/images/image_0691.jpeg,NORMAL,NORMAL
image_0692.jpeg,tests/data/chestxray-dataset-1000/images/image_0692.jpeg,NORMAL,NORMAL
image_0693.jpeg,tests/data/chestxray-dataset-1000/images/image_0693.jpeg,NORMAL,NORMAL
image_0694.jpeg,tests/data/chestxray-dataset-1000/images/image_0694.jpeg,NORMAL,NORMAL
image_0695.jpeg,tests/data/chestxray-dataset-1000/images/image_0695.jpeg,NORMAL,NORMAL
image_0696.jpeg,tests/data/chestxray-dataset-1000/images/image_0696.jpeg,NORMAL,PNEUMONIA
image_0697.jpeg,tests/data/chestxray-dataset-1000/images/image_0697.jpeg,NORMAL,NORMAL
image_0698.jpeg,tests/data/chestxray-dataset-1000/images/image_0698.jpeg,NORMAL,NORMAL
image_0699.jpeg,tests/data/chestxray-dataset-1000/images/image_0699.jpeg,NORMAL,NORMAL
image_0700.jpeg,tests/data/chestxray-dataset-1000/images/image_0700.jpeg,NORMAL,NORMAL
image_0701.jpeg,tests/data/chestxray-dataset-1000/images/image_0701.jpeg,NORMAL,NORMAL
image_0702.jpeg,tests/data/chestxray-dataset-1000/images/image_0702.jpeg,NORMAL,NORMAL
image_0703.jpeg,tests/data/chestxray-dataset-1000/images/image_0703.jpeg,NORMAL,NORMAL
image_0704.jpeg,tests/data/chestxray-dataset-1000/images/image_0704.jpeg,NORMAL,NORMAL
image_0705.jpeg,tests/data/chestxray-dataset-1000/images/image_0705.jpeg,NORMAL,NORMAL
image_0706.jpeg,tests/data/chestxray-dataset-1000/images/image_0706.jpeg,NORMAL,NORMAL
image_0707.jpeg,tests/data/chestxray-dataset-1000/images/image_0707.jpeg,NORMAL,NORMAL
image_0708.jpeg,tests/data/chestxray-dataset-1000/images/image_0708.jpeg,NORMAL,NORMAL
image_0709.jpeg,tests/data/chestxray-dataset-1000/images/image_0709.jpeg,NORMAL,NORMAL
image_0710.jpeg,tests/data/chestxray-dataset-1000/images/image_0710.jpeg,NORMAL,PNEUMONIA
image_0711.jpeg,tests/data/chestxray-dataset-1000/images/image_0711.jpeg,NORMAL,NORMAL
image_0712.jpeg,tests/data/chestxray-dataset-1000/images/image_0712.jpeg,NORMAL,PNEUMONIA
image_0713.jpeg,tests/data/chestxray-dataset-1000/images/image_0713.jpeg,NORMAL,PNEUMONIA
image_0714.jpeg,tests/data/chestxray-dataset-1000/images/image_0714.jpeg,NORMAL,PNEUMONIA
image_0715.jpeg,tests/data/chestxray-dataset-1000/images/image_0715.jpeg,NORMAL,PNEUMONIA
image_0716.jpeg,tests/data/chestxray-dataset-1000/images/image_0716.jpeg,NORMAL,NORMAL
image_0717.jpeg,tests/data/chestxray-dataset-1000/images/image_0717.jpeg,NORMAL,PNEUMONIA
image_0718.jpeg,tests/data/chestxray-dataset-1000/images/image_0718.jpeg,NORMAL,PNEUMONIA
image_0719.jpeg,tests/data/chestxray-dataset-1000/images/image_0719.jpeg,NORMAL,PNEUMONIA
image_0720.jpeg,tests/data/chestxray-dataset-1000/images/image_0720.jpeg,NORMAL,NORMAL
image_0721.jpeg,tests/data/chestxray-dataset-1000/images/image_0721.jpeg,NORMAL,NORMAL
image_0722.jpeg,tests/data/chestxray-dataset-1000/images/image_0722.jpeg,NORMAL,NORMAL
image_0723.jpeg,tests/data/chestxray-dataset-1000/images/image_0723.jpeg,NORMAL,NORMAL
image_0724.jpeg,tests/data/chestxray-dataset-1000/images/image_0724.jpeg,NORMAL,PNEUMONIA
image_0725.jpeg,tests/data/chestxray-dataset-1000/images/image_0725.jpeg,NORMAL,NORMAL
image_0726.jpeg,tests/data/chestxray-dataset-1000/images/image_0726.jpeg,NORMAL,NORMAL
image_0727.jpeg,tests/data/chestxray-dataset-1000/images/image_0727.jpeg,NORMAL,PNEUMONIA
image_0728.jpeg,tests/data/chestxray-dataset-1000/images/image_0728.jpeg,NORMAL,PNEUMONIA
image_0729.jpeg,tests/data/chestxray-dataset-1000/images/image_0729.jpeg,NORMAL,NORMAL
image_0730.jpeg,tests/data/chestxray-dataset-1000/images/image_0730.jpeg,NORMAL,NORMAL
image_0731.jpeg,tests/data/chestxray-dataset-1000/images/image_0731.jpeg,NORMAL,PNEUMONIA
image_0732.jpeg,tests/data/chestxray-dataset-1000/images/image_0732.jpeg,NORMAL,PNEUMONIA
image_0733.jpeg,tests/data/chestxray-dataset-1000/images/image_0733.jpeg,NORMAL,PNEUMONIA
image_0734.jpeg,tests/data/chestxray-dataset-1000/images/image_0734.jpeg,NORMAL,PNEUMONIA
image_0735.jpeg,tests/data/chestxray-dataset-1000/images/image_0735.jpeg,NORMAL,NORMAL
image_0736.jpeg,tests/data/chestxray-dataset-1000/images/image_0736.jpeg,NORMAL,NORMAL
image_0737.jpeg,tests/data/chestxray-dataset-1000/images/image_0737.jpeg,NORMAL,PNEUMONIA
image_0738.jpeg,tests/data/chestxray-dataset-1000/images/image_0738.jpeg,NORMAL,NORMAL
image_0739.jpeg,tests/data/chestxray-dataset-1000/images/image_0739.jpeg,NORMAL,NORMAL
image_0740.jpeg,tests/data/chestxray-dataset-1000/images/image_0740.jpeg,NORMAL,NORMAL
image_0741.jpeg,tests/data/chestxray-dataset-1000/images/image_0741.jpeg,NORMAL,PNEUMONIA
image_0742.jpeg,tests/data/chestxray-dataset-1000/images/image_0742.jpeg,NORMAL,NORMAL
image_0743.jpeg,tests/data/chestxray-dataset-1000/images/image_0743.jpeg,NORMAL,NORMAL
image_0744.jpeg,tests/data/chestxray-dataset-1000/images/image_0744.jpeg,NORMAL,NORMAL
image_0745.jpeg,tests/data/chestxray-dataset-1000/images/image_0745.jpeg,NORMAL,NORMAL
image_0746.jpeg,tests/data/chestxray-dataset-1000/images/image_0746.jpeg,NORMAL,PNEUMONIA
image_0747.jpeg,tests/data/chestxray-dataset-1000/images/image_0747.jpeg,NORMAL,PNEUMONIA
image_0748.jpeg,tests/data/chestxray-dataset-1000/images/image_0748.jpeg,NORMAL,NORMAL
image_0749.jpeg,tests/data/chestxray-dataset-1000/images/image_0749.jpeg,NORMAL,NORMAL
image_0750.jpeg,tests/data/chestxray-dataset-1000/images/image_0750.jpeg,NORMAL,NORMAL
image_0751.jpeg,tests/data/chestxray-dataset-1000/images/image_0751.jpeg,NORMAL,NORMAL
image_0752.jpeg,tests/data/chestxray-dataset-1000/images/image_0752.jpeg,NORMAL,PNEUMONIA
image_0753.jpeg,tests/data/chestxray-dataset-1000/images/image_0753.jpeg,NORMAL,PNEUMONIA
image_0754.jpeg,tests/data/chestxray-dataset-1000/images/image_0754.jpeg,NORMAL,NORMAL
image_0755.jpeg,tests/data/chestxray-dataset-1000/images/image_0755.jpeg,NORMAL,PNEUMONIA
image_0756.jpeg,tests/data/chestxray-dataset-1000/images/image_0756.jpeg,NORMAL,PNEUMONIA
image_0757.jpeg,tests/data/chestxray-dataset-1000/images/image_0757.jpeg,NORMAL,PNEUMONIA
image_0758.jpeg,tests/data/chestxray-dataset-1000/images/image_0758.jpeg,NORMAL,NORMAL
image_0759.jpeg,tests/data/chestxray-dataset-1000/images/image_0759.jpeg,NORMAL,PNEUMONIA
image_0760.jpeg,tests/data/chestxray-dataset-1000/images/image_0760.jpeg,NORMAL,NORMAL
image_0761.jpeg,tests/data/chestxray-dataset-1000/images/image_0761.jpeg,NORMAL,NORMAL
image_0762.jpeg,tests/data/chestxray-dataset-1000/images/image_0762.jpeg,NORMAL,PNEUMONIA
image_0763.jpeg,tests/data/chestxray-dataset-1000/images/image_0763.jpeg,NORMAL,NORMAL
image_0764.jpeg,tests/data/chestxray-dataset-1000/images/image_0764.jpeg,NORMAL,NORMAL
image_0765.jpeg,tests/data/chestxray-dataset-1000/images/image_0765.jpeg,NORMAL,NORMAL
image_0766.jpeg,tests/data/chestxray-dataset-1000/images/image_0766.jpeg,NORMAL,PNEUMONIA
image_0767.jpeg,tests/data/chestxray-dataset-1000/images/image_0767.jpeg,NORMAL,PNEUMONIA
image_0768.jpeg,tests/data/chestxray-dataset-1000/images/image_0768.jpeg,NORMAL,PNEUMONIA
image_0769.jpeg,tests/data/chestxray-dataset-1000/images/image_0769.jpeg,NORMAL,PNEUMONIA
image_0770.jpeg,tests/data/chestxray-dataset-1000/images/image_0770.jpeg,NORMAL,NORMAL
image_0771.jpeg,tests/data/chestxray-dataset-1000/images/image_0771.jpeg,NORMAL,NORMAL
image_0772.jpeg,tests/data/chestxray-dataset-1000/images/image_0772.jpeg,NORMAL,PNEUMONIA
image_0773.jpeg,tests/data/chestxray-dataset-1000/images/image_0773.jpeg,NORMAL,PNEUMONIA
image_0774.jpeg,tests/data/chestxray-dataset-1000/images/image_0774.jpeg,NORMAL,NORMAL
image_0775.jpeg,tests/data/chestxray-dataset-1000/images/image_0775.jpeg,NORMAL,NORMAL
image_0776.jpeg,tests/data/chestxray-dataset-1000/images/image_0776.jpeg,NORMAL,PNEUMONIA
image_0777.jpeg,tests/data/chestxray-dataset-1000/images/image_0777.jpeg,NORMAL,NORMAL
image_0778.jpeg,tests/data/chestxray-dataset-1000/images/image_0778.jpeg,NORMAL,PNEUMONIA
image_0779.jpeg,tests/data/chestxray-dataset-1000/images/image_0779.jpeg,NORMAL,NORMAL
image_0780.jpeg,tests/data/chestxray-dataset-1000/images/image_0780.jpeg,NORMAL,NORMAL
image_0781.jpeg,tests/data/chestxray-dataset-1000/images/image_0781.jpeg,NORMAL,NORMAL
image_0782.jpeg,tests/data/chestxray-dataset-1000/images/image_0782.jpeg,NORMAL,NORMAL
image_0783.jpeg,tests/data/chestxray-dataset-1000/images/image_0783.jpeg,NORMAL,PNEUMONIA
image_0784.jpeg,tests/data/chestxray-dataset-1000/images/image_0784.jpeg,NORMAL,NORMAL
image_0785.jpeg,tests/data/chestxray-dataset-1000/images/image_0785.jpeg,NORMAL,PNEUMONIA
image_0786.jpeg,tests/data/chestxray-dataset-1000/images/image_0786.jpeg,NORMAL,PNEUMONIA
image_0787.jpeg,tests/data/chestxray-dataset-1000/images/image_0787.jpeg,NORMAL,PNEUMONIA
image_0788.jpeg,tests/data/chestxray-dataset-1000/images/image_0788.jpeg,NORMAL,PNEUMONIA
image_0789.jpeg,tests/data/chestxray-dataset-1000/images/image_0789.jpeg,NORMAL,NORMAL
image_0790.jpeg,tests/data/chestxray-dataset-1000/images/image_0790.jpeg,NORMAL,NORMAL
image_0791.jpeg,tests/data/chestxray-dataset-1000/images/image_0791.jpeg,NORMAL,PNEUMONIA
image_0792.jpeg,tests/data/chestxray-dataset-1000/images/image_0792.jpeg,NORMAL,NORMAL
image_0793.jpeg,tests/data/chestxray-dataset-1000/images/image_0793.jpeg,NORMAL,PNEUMONIA
image_0794.jpeg,tests/data/chestxray-dataset-1000/images/image_0794.jpeg,NORMAL,NORMAL
image_0795.jpeg,tests/data/chestxray-dataset-1000/images/image_0795.jpeg,NORMAL,NORMAL
image_0796.jpeg,tests/data/chestxray-dataset-1000/images/image_0796.jpeg,NORMAL,NORMAL
image_0797.jpeg,tests/data/chestxray-dataset-1000/images/image_0797.jpeg,NORMAL,NORMAL
image_0798.jpeg,tests/data/chestxray-dataset-1000/images/image_0798.jpeg,NORMAL,PNEUMONIA
image_0799.jpeg,tests/data/chestxray-dataset-1000/images/image_0799.jpeg,NORMAL,NORMAL
image_0800.jpeg,tests/data/chestxray-dataset-1000/images/image_0800.jpeg,NORMAL,NORMAL
image_0801.jpeg,tests/data/chestxray-dataset-1000/images/image_0801.jpeg,NORMAL,PNEUMONIA
image_0802.jpeg,tests/data/chestxray-dataset-1000/images/image_0802.jpeg,NORMAL,NORMAL
image_0803.jpeg,tests/data/chestxray-dataset-1000/images/image_0803.jpeg,NORMAL,NORMAL
image_0804.jpeg,tests/data/chestxray-dataset-1000/images/image_0804.jpeg,NORMAL,NORMAL
image_0805.jpeg,tests/data/chestxray-dataset-1000/images/image_0805.jpeg,NORMAL,NORMAL
image_0806.jpeg,tests/data/chestxray-dataset-1000/images/image_0806.jpeg,NORMAL,NORMAL
image_0807.jpeg,tests/data/chestxray-dataset-1000/images/image_0807.jpeg,NORMAL,PNEUMONIA
image_0808.jpeg,tests/data/chestxray-dataset-1000/images/image_0808.jpeg,NORMAL,PNEUMONIA
image_0809.jpeg,tests/data/chestxray-dataset-1000/images/image_0809.jpeg,NORMAL,NORMAL
image_0810.jpeg,tests/data/chestxray-dataset-1000/images/image_0810.jpeg,NORMAL,PNEUMONIA
image_0811.jpeg,tests/data/chestxray-dataset-1000/images/image_0811.jpeg,NORMAL,NORMAL
image_0812.jpeg,tests/data/chestxray-dataset-1000/images/image_0812.jpeg,NORMAL,NORMAL
image_0813.jpeg,tests/data/chestxray-dataset-1000/images/image_0813.jpeg,NORMAL,NORMAL
image_0814.jpeg,tests/data/chestxray-dataset-1000/images/image_0814.jpeg,NORMAL,NORMAL
image_0815.jpeg,tests/data/chestxray-dataset-1000/images/image_0815.jpeg,NORMAL,NORMAL
image_0816.jpeg,tests/data/chestxray-dataset-1000/images/image_0816.jpeg,NORMAL,PNEUMONIA
image_0817.jpeg,tests/data/chestxray-dataset-1000/images/image_0817.jpeg,NORMAL,NORMAL
image_0818.jpeg,tests/data/chestxray-dataset-1000/images/image_0818.jpeg,NORMAL,NORMAL
image_0819.jpeg,tests/data/chestxray-dataset-1000/images/image_0819.jpeg,NORMAL,NORMAL
image_0820.jpeg,tests/data/chestxray-dataset-1000/images/image_0820.jpeg,NORMAL,PNEUMONIA
image_0821.jpeg,tests/data/chestxray-dataset-1000/images/image_0821.jpeg,NORMAL,PNEUMONIA
image_0822.jpeg,tests/data/chestxray-dataset-1000/images/image_0822.jpeg,NORMAL,NORMAL
image_0823.jpeg,tests/data/chestxray-dataset-1000/images/image_0823.jpeg,NORMAL,NORMAL
image_0824.jpeg,tests/data/chestxray-dataset-1000/images/image_0824.jpeg,NORMAL,NORMAL
image_0825.jpeg,tests/data/chestxray-dataset-1000/images/image_0825.jpeg,NORMAL,NORMAL
image_0826.jpeg,tests/data/chestxray-dataset-1000/images/image_0826.jpeg,NORMAL,PNEUMONIA
image_0827.jpeg,tests/data/chestxray-dataset-1000/images/image_0827.jpeg,NORMAL,NORMAL
image_0828.jpeg,tests/data/chestxray-dataset-1000/images/image_0828.jpeg,NORMAL,PNEUMONIA
image_0829.jpeg,tests/data/chestxray-dataset-1000/images/image_0829.jpeg,NORMAL,NORMAL
image_0830.jpeg,tests/data/chestxray-dataset-1000/images/image_0830.jpeg,NORMAL,NORMAL
image_0831.jpeg,tests/data/chestxray-dataset-1000/images/image_0831.jpeg,NORMAL,NORMAL
image_0832.jpeg,tests/data/chestxray-dataset-1000/images/image_0832.jpeg,NORMAL,NORMAL
image_0833.jpeg,tests/data/chestxray-dataset-1000/images/image_0833.jpeg,NORMAL,NORMAL
image_0834.jpeg,tests/data/chestxray-dataset-1000/images/image_0834.jpeg,NORMAL,PNEUMONIA
image_0835.jpeg,tests/data/chestxray-dataset-1000/images/image_0835.jpeg,NORMAL,PNEUMONIA
image_0836.jpeg,tests/data/chestxray-dataset-1000/images/image_0836.jpeg,NORMAL,NORMAL
image_0837.jpeg,tests/data/chestxray-dataset-1000/images/image_0837.jpeg,NORMAL,NORMAL
image_0838.jpeg,tests/data/chestxray-dataset-1000/images/image_0838.jpeg,NORMAL,NORMAL
image_0839.jpeg,tests/data/chestxray-dataset-1000/images/image_0839.jpeg,NORMAL,NORMAL
image_0840.jpeg,tests/data/chestxray-dataset-1000/images/image_0840.jpeg,NORMAL,PNEUMONIA
image_0841.jpeg,tests/data/chestxray-dataset-1000/images/image_0841.jpeg,NORMAL,NORMAL
image_0842.jpeg,tests/data/chestxray-dataset-1000/images/image_0842.jpeg,NORMAL,NORMAL
image_0843.jpeg,tests/data/chestxray-dataset-1000/images/image_0843.jpeg,NORMAL,PNEUMONIA
image_0844.jpeg,tests/data/chestxray-dataset-1000/images/image_0844.jpeg,NORMAL,NORMAL
image_0845.jpeg,tests/data/chestxray-dataset-1000/images/image_0845.jpeg,NORMAL,PNEUMONIA
image_0846.jpeg,tests/data/chestxray-dataset-1000/images/image_0846.jpeg,NORMAL,NORMAL
image_0847.jpeg,tests/data/chestxray-dataset-1000/images/image_0847.jpeg,NORMAL,PNEUMONIA
image_0848.jpeg,tests/data/chestxray-dataset-1000/images/image_0848.jpeg,NORMAL,NORMAL
image_0849.jpeg,tests/data/chestxray-dataset-1000/images/image_0849.jpeg,NORMAL,PNEUMONIA
image_0850.jpeg,tests/data/chestxray-dataset-1000/images/image_0850.jpeg,NORMAL,NORMAL
image_0851.jpeg,tests/data/chestxray-dataset-1000/images/image_0851.jpeg,NORMAL,NORMAL
image_0852.jpeg,tests/data/chestxray-dataset-1000/images/image_0852.jpeg,NORMAL,NORMAL
image_0853.jpeg,tests/data/chestxray-dataset-1000/images/image_0853.jpeg,NORMAL,PNEUMONIA
image_0854.jpeg,tests/data/chestxray-dataset-1000/images/image_0854.jpeg,NORMAL,NORMAL
image_0855.jpeg,tests/data/chestxray-dataset-1000/images/image_0855.jpeg,NORMAL,NORMAL
image_0856.jpeg,tests/data/chestxray-dataset-1000/images/image_0856.jpeg,NORMAL,NORMAL
image_0857.jpeg,tests/data/chestxray-dataset-1000/images/image_0857.jpeg,NORMAL,PNEUMONIA
image_0858.jpeg,tests/data/chestxray-dataset-1000/images/image_0858.jpeg,NORMAL,PNEUMONIA
image_0859.jpeg,tests/data/chestxray-dataset-1000/images/image_0859.jpeg,NORMAL,PNEUMONIA
image_0860.jpeg,tests/data/chestxray-dataset-1000/images/image_0860.jpeg,NORMAL,NORMAL
image_0861.jpeg,tests/data/chestxray-dataset-1000/images/image_0861.jpeg,NORMAL,NORMAL
image_0862.jpeg,tests/data/chestxray-dataset-1000/images/image_0862.jpeg,NORMAL,NORMAL
image_0863.jpeg,tests/data/chestxray-dataset-1000/images/image_0863.jpeg,NORMAL,NORMAL
image_0864.jpeg,tests/data/chestxray-dataset-1000/images/image_0864.jpeg,NORMAL,PNEUMONIA
image_0865.jpeg,tests/data/chestxray-dataset-1000/images/image_0865.jpeg,NORMAL,NORMAL
image_0866.jpeg,tests/data/chestxray-dataset-1000/images/image_0866.jpeg,NORMAL,NORMAL
image_0867.jpeg,tests/data/chestxray-dataset-1000/images/image_0867.jpeg,NORMAL,PNEUMONIA
image_0868.jpeg,tests/data/chestxray-dataset-1000/images/image_0868.jpeg,NORMAL,NORMAL
image_0869.jpeg,tests/data/chestxray-dataset-1000/images/image_0869.jpeg,NORMAL,NORMAL
image_0870.jpeg,tests/data/chestxray-dataset-1000/images/image_0870.jpeg,NORMAL,NORMAL
image_0871.jpeg,tests/data/chestxray-dataset-1000/images/image_0871.jpeg,NORMAL,NORMAL
image_0872.jpeg,tests/data/chestxray-dataset-1000/images/image_0872.jpeg,NORMAL,NORMAL
image_0873.jpeg,tests/data/chestxray-dataset-1000/images/image_0873.jpeg,NORMAL,NORMAL
image_0874.jpeg,tests/data/chestxray-dataset-1000/images/image_0874.jpeg,NORMAL,PNEUMONIA
image_0875.jpeg,tests/data/chestxray-dataset-1000/images/image_0875.jpeg,NORMAL,PNEUMONIA
image_0876.jpeg,tests/data/chestxray-dataset-1000/images/image_0876.jpeg,NORMAL,PNEUMONIA
image_0877.jpeg,tests/data/chestxray-dataset-1000/images/image_0877.jpeg,NORMAL,NORMAL
image_0878.jpeg,tests/data/chestxray-dataset-1000/images/image_0878.jpeg,NORMAL,PNEUMONIA
image_0879.jpeg,tests/data/chestxray-dataset-1000/images/image_0879.jpeg,NORMAL,NORMAL
image_0880.jpeg,tests/data/chestxray-dataset-1000/images/image_0880.jpeg,NORMAL,NORMAL
image_0881.jpeg,tests/data/chestxray-dataset-1000/images/image_0881.jpeg,NORMAL,PNEUMONIA
image_0882.jpeg,tests/data/chestxray-dataset-1000/images/image_0882.jpeg,NORMAL,NORMAL
image_0883.jpeg,tests/data/chestxray-dataset-1000/images/image_0883.jpeg,NORMAL,PNEUMONIA
image_0884.jpeg,tests/data/chestxray-dataset-1000/images/image_0884.jpeg,NORMAL,NORMAL
image_0885.jpeg,tests/data/chestxray-dataset-1000/images/image_0885.jpeg,NORMAL,PNEUMONIA
image_0886.jpeg,tests/data/chestxray-dataset-1000/images/image_0886.jpeg,NORMAL,NORMAL
image_0887.jpeg,tests/data/chestxray-dataset-1000/images/image_0887.jpeg,NORMAL,NORMAL
image_0888.jpeg,tests/data/chestxray-dataset-1000/images/image_0888.jpeg,NORMAL,PNEUMONIA
image_0889.jpeg,tests/data/chestxray-dataset-1000/images/image_0889.jpeg,NORMAL,NORMAL
image_0890.jpeg,tests/data/chestxray-dataset-1000/images/image_0890.jpeg,NORMAL,PNEUMONIA
image_0891.jpeg,tests/data/chestxray-dataset-1000/images/image_0891.jpeg,NORMAL,NORMAL
image_0892.jpeg,tests/data/chestxray-dataset-1000/images/image_0892.jpeg,NORMAL,NORMAL
image_0893.jpeg,tests/data/chestxray-dataset-1000/images/image_0893.jpeg,NORMAL,PNEUMONIA
image_0894.jpeg,tests/data/chestxray-dataset-1000/images/image_0894.jpeg,NORMAL,PNEUMONIA
image_0895.jpeg,tests/data/chestxray-dataset-1000/images/image_0895.jpeg,NORMAL,PNEUMONIA
image_0896.jpeg,tests/data/chestxray-dataset-1000/images/image_0896.jpeg,NORMAL,NORMAL
image_0897.jpeg,tests/data/chestxray-dataset-1000/images/image_0897.jpeg,NORMAL,NORMAL
image_0898.jpeg,tests/data/chestxray-dataset-1000/images/image_0898.jpeg,NORMAL,NORMAL
image_0899.jpeg,tests/data/chestxray-dataset-1000/images/image_0899.jpeg,NORMAL,PNEUMONIA
image_0900.jpeg,tests/data/chestxray-dataset-1000/images/image_0900.jpeg,NORMAL,NORMAL
image_0901.jpeg,tests/data/chestxray-dataset-1000/images/image_0901.jpeg,NORMAL,PNEUMONIA
image_0902.jpeg,tests/data/chestxray-dataset-1000/images/image_0902.jpeg,NORMAL,PNEUMONIA
image_0903.jpeg,tests/data/chestxray-dataset-1000/images/image_0903.jpeg,NORMAL,PNEUMONIA
image_0904.jpeg,tests/data/chestxray-dataset-1000/images/image_0904.jpeg,NORMAL,PNEUMONIA
image_0905.jpeg,tests/data/chestxray-dataset-1000/images/image_0905.jpeg,NORMAL,PNEUMONIA
image_0906.jpeg,tests/data/chestxray-dataset-1000/images/image_0906.jpeg,NORMAL,PNEUMONIA
image_0907.jpeg,tests/data/chestxray-dataset-1000/images/image_0907.jpeg,NORMAL,NORMAL
image_0908.jpeg,tests/data/chestxray-dataset-1000/images/image_0908.jpeg,NORMAL,PNEUMONIA
image_0909.jpeg,tests/data/chestxray-dataset-1000/images/image_0909.jpeg,NORMAL,PNEUMONIA
image_0910.jpeg,tests/data/chestxray-dataset-1000/images/image_0910.jpeg,NORMAL,PNEUMONIA
image_0911.jpeg,tests/data/chestxray-dataset-1000/images/image_0911.jpeg,NORMAL,NORMAL
image_0912.jpeg,tests/data/chestxray-dataset-1000/images/image_0912.jpeg,NORMAL,NORMAL
image_0913.jpeg,tests/data/chestxray-dataset-1000/images/image_0913.jpeg,NORMAL,NORMAL
image_0914.jpeg,tests/data/chestxray-dataset-1000/images/image_0914.jpeg,NORMAL,PNEUMONIA
image_0915.jpeg,tests/data/chestxray-dataset-1000/images/image_0915.jpeg,NORMAL,NORMAL
image_0916.jpeg,tests/data/chestxray-dataset-1000/images/image_0916.jpeg,NORMAL,NORMAL
image_0917.jpeg,tests/data/chestxray-dataset-1000/images/image_0917.jpeg,NORMAL,PNEUMONIA
image_0918.jpeg,tests/data/chestxray-dataset-1000/images/image_0918.jpeg,NORMAL,NORMAL
image_0919.jpeg,tests/data/chestxray-dataset-1000/images/image_0919.jpeg,NORMAL,PNEUMONIA
image_0920.jpeg,tests/data/chestxray-dataset-1000/images/image_0920.jpeg,NORMAL,NORMAL
image_0921.jpeg,tests/data/chestxray-dataset-1000/images/image_0921.jpeg,NORMAL,NORMAL
image_0922.jpeg,tests/data/chestxray-dataset-1000/images/image_0922.jpeg,NORMAL,NORMAL
image_0923.jpeg,tests/data/chestxray-dataset-1000/images/image_0923.jpeg,NORMAL,NORMAL
image_0924.jpeg,tests/data/chestxray-dataset-1000/images/image_0924.jpeg,NORMAL,NORMAL
image_0925.jpeg,tests/data/chestxray-dataset-1000/images/image_0925.jpeg,NORMAL,PNEUMONIA
image_0926.jpeg,tests/data/chestxray-dataset-1000/images/image_0926.jpeg,NORMAL,PNEUMONIA
image_0927.jpeg,tests/data/chestxray-dataset-1000/images/image_0927.jpeg,NORMAL,NORMAL
image_0928.jpeg,tests/data/chestxray-dataset-1000/images/image_0928.jpeg,NORMAL,NORMAL
image_0929.jpeg,tests/data/chestxray-dataset-1000/images/image_0929.jpeg,NORMAL,PNEUMONIA
image_0930.jpeg,tests/data/chestxray-dataset-1000/images/image_0930.jpeg,NORMAL,NORMAL
image_0931.jpeg,tests/data/chestxray-dataset-1000/images/image_0931.jpeg,NORMAL,NORMAL
image_0932.jpeg,tests/data/chestxray-dataset-1000/images/image_0932.jpeg,NORMAL,NORMAL
image_0933.jpeg,tests/data/chestxray-dataset-1000/images/image_0933.jpeg,NORMAL,NORMAL
image_0934.jpeg,tests/data/chestxray-dataset-1000/images/image_0934.jpeg,NORMAL,NORMAL
image_0935.jpeg,tests/data/chestxray-dataset-1000/images/image_0935.jpeg,NORMAL,NORMAL
image_0936.jpeg,tests/data/chestxray-dataset-1000/images/image_0936.jpeg,NORMAL,NORMAL
image_0937.jpeg,tests/data/chestxray-dataset-1000/images/image_0937.jpeg,NORMAL,PNEUMONIA
image_0938.jpeg,tests/data/chestxray-dataset-1000/images/image_0938.jpeg,NORMAL,PNEUMONIA
image_0939.jpeg,tests/data/chestxray-dataset-1000/images/image_0939.jpeg,NORMAL,NORMAL
image_0940.jpeg,tests/data/chestxray-dataset-1000/images/image_0940.jpeg,NORMAL,NORMAL
image_0941.jpeg,tests/data/chestxray-dataset-1000/images/image_0941.jpeg,NORMAL,NORMAL
image_0942.jpeg,tests/data/chestxray-dataset-1000/images/image_0942.jpeg,NORMAL,NORMAL
image_0943.jpeg,tests/data/chestxray-dataset-1000/images/image_0943.jpeg,NORMAL,PNEUMONIA
image_0944.jpeg,tests/data/chestxray-dataset-1000/images/image_0944.jpeg,NORMAL,NORMAL
image_0945.jpeg,tests/data/chestxray-dataset-1000/images/image_0945.jpeg,NORMAL,NORMAL
image_0946.jpeg,tests/data/chestxray-dataset-1000/images/image_0946.jpeg,NORMAL,NORMAL
image_0947.jpeg,tests/data/chestxray-dataset-1000/images/image_0947.jpeg,NORMAL,PNEUMONIA
image_0948.jpeg,tests/data/chestxray-dataset-1000/images/image_0948.jpeg,NORMAL,PNEUMONIA
image_0949.jpeg,tests/data/chestxray-dataset-1000/images/image_0949.jpeg,NORMAL,PNEUMONIA
image_0950.jpeg,tests/data/chestxray-dataset-1000/images/image_0950.jpeg,NORMAL,PNEUMONIA
image_0951.jpeg,tests/data/chestxray-dataset-1000/images/image_0951.jpeg,NORMAL,PNEUMONIA
image_0952.jpeg,tests/data/chestxray-dataset-1000/images/image_0952.jpeg,NORMAL,NORMAL
image_0953.jpeg,tests/data/chestxray-dataset-1000/images/image_0953.jpeg,NORMAL,PNEUMONIA
image_0954.jpeg,tests/data/chestxray-dataset-1000/images/image_0954.jpeg,NORMAL,PNEUMONIA
image_0955.jpeg,tests/data/chestxray-dataset-1000/images/image_0955.jpeg,NORMAL,PNEUMONIA
image_0956.jpeg,tests/data/chestxray-dataset-1000/images/image_0956.jpeg,NORMAL,NORMAL
image_0957.jpeg,tests/data/chestxray-dataset-1000/images/image_0957.jpeg,NORMAL,NORMAL
image_0958.jpeg,tests/data/chestxray-dataset-1000/images/image_0958.jpeg,NORMAL,NORMAL
image_0959.jpeg,tests/data/chestxray-dataset-1000/images/image_0959.jpeg,NORMAL,NORMAL
image_0960.jpeg,tests/data/chestxray-dataset-1000/images/image_0960.jpeg,NORMAL,NORMAL
image_0961.jpeg,tests/data/chestxray-dataset-1000/images/image_0961.jpeg,NORMAL,NORMAL
image_0962.jpeg,tests/data/chestxray-dataset-1000/images/image_0962.jpeg,NORMAL,PNEUMONIA
image_0963.jpeg,tests/data/chestxray-dataset-1000/images/image_0963.jpeg,NORMAL,NORMAL
image_0964.jpeg,tests/data/chestxray-dataset-1000/images/image_0964.jpeg,NORMAL,NORMAL
image_0965.jpeg,tests/data/chestxray-dataset-1000/images/image_0965.jpeg,NORMAL,NORMAL
image_0966.jpeg,tests/data/chestxray-dataset-1000/images/image_0966.jpeg,NORMAL,NORMAL
image_0967.jpeg,tests/data/chestxray-dataset-1000/images/image_0967.jpeg,NORMAL,NORMAL
image_0968.jpeg,tests/data/chestxray-dataset-1000/images/image_0968.jpeg,NORMAL,PNEUMONIA
image_0969.jpeg,tests/data/chestxray-dataset-1000/images/image_0969.jpeg,NORMAL,NORMAL
image_0970.jpeg,tests/data/chestxray-dataset-1000/images/image_0970.jpeg,NORMAL,PNEUMONIA
image_0971.jpeg,tests/data/chestxray-dataset-1000/images/image_0971.jpeg,NORMAL,PNEUMONIA
image_0972.jpeg,tests/data/chestxray-dataset-1000/images/image_0972.jpeg,NORMAL,NORMAL
image_0973.jpeg,tests/data/chestxray-dataset-1000/images/image_0973.jpeg,NORMAL,PNEUMONIA
image_0974.jpeg,tests/data/chestxray-dataset-1000/images/image_0974.jpeg,NORMAL,PNEUMONIA
image_0975.jpeg,tests/data/chestxray-dataset-1000/images/image_0975.jpeg,NORMAL,PNEUMONIA
image_0976.jpeg,tests/data/chestxray-dataset-1000/images/image_0976.jpeg,NORMAL,PNEUMONIA
image_0977.jpeg,tests/data/chestxray-dataset-1000/images/image_0977.jpeg,NORMAL,PNEUMONIA
image_0978.jpeg,tests/data/chestxray-dataset-1000/images/image_0978.jpeg,NORMAL,PNEUMONIA
image_0979.jpeg,tests/data/chestxray-dataset-1000/images/image_0979.jpeg,NORMAL,PNEUMONIA
image_0980.jpeg,tests/data/chestxray-dataset-1000/images/image_0980.jpeg,NORMAL,PNEUMONIA
image_0981.jpeg,tests/data/chestxray-dataset-1000/images/image_0981.jpeg,NORMAL,PNEUMONIA
image_0982.jpeg,tests/data/chestxray-dataset-1000/images/image_0982.jpeg,NORMAL,PNEUMONIA
image_0983.jpeg,tests/data/chestxray-dataset-1000/images/image_0983.jpeg,NORMAL,NORMAL
image_0984.jpeg,tests/data/chestxray-dataset-1000/images/image_0984.jpeg,NORMAL,NORMAL
image_0985.jpeg,tests/data/chestxray-dataset-1000/images/image_0985.jpeg,NORMAL,NORMAL
image_0986.jpeg,tests/data/chestxray-dataset-1000/images/image_0986.jpeg,NORMAL,NORMAL
image_0987.jpeg,tests/data/chestxray-dataset-1000/images/image_0987.jpeg,NORMAL,PNEUMONIA
image_0988.jpeg,tests/data/chestxray-dataset-1000/images/image_0988.jpeg,NORMAL,PNEUMONIA
image_0989.jpeg,tests/data/chestxray-dataset-1000/images/image_0989.jpeg,NORMAL,NORMAL
image_0990.jpeg,tests/data/chestxray-dataset-1000/images/image_0990.jpeg,NORMAL,NORMAL
image_0991.jpeg,tests/data/chestxray-dataset-1000/images/image_0991.jpeg,NORMAL,NORMAL
image_0992.jpeg,tests/data/chestxray-dataset-1000/images/image_0992.jpeg,NORMAL,PNEUMONIA
image_0993.jpeg,tests/data/chestxray-dataset-1000/images/image_0993.jpeg,NORMAL,PNEUMONIA
image_0994.jpeg,tests/data/chestxray-dataset-1000/images/image_0994.jpeg,NORMAL,PNEUMONIA
image_0995.jpeg,tests/data/chestxray-dataset-1000/images/image_0995.jpeg,NORMAL,PNEUMONIA
image_0996.jpeg,tests/data/chestxray-dataset-1000/images/image_0996.jpeg,NORMAL,NORMAL
image_0997.jpeg,tests/data/chestxray-dataset-1000/images/image_0997.jpeg,NORMAL,PNEUMONIA
image_0998.jpeg,tests/data/chestxray-dataset-1000/images/image_0998.jpeg,NORMAL,PNEUMONIA
image_0999.jpeg,tests/data/chestxray-dataset-1000/images/image_0999.jpeg,NORMAL,NORMAL
image_1000.jpeg,tests/data/chestxray-dataset-1000/images/image_1000.jpeg,NORMAL,NORMAL
